,time,latitude,longitude,depth,mag,magType,nst,gap,dmin,rms,net,id,updated,place,type,horizontalError,depthError,magError,magNst,status,locationSource,magSource
0,2016-06-05T16:25:33.540Z,-4.587,125.6264,429.62,6.3,mww,,17,5.308,1.13,us,us2000626m,2016-11-10T22:16:11.202Z,"133km SW of Leksula, Indonesia",earthquake,8.7,3.7,,,reviewed,us,us
1,2017-06-22T12:31:03.490Z,13.7174,-90.9718,38.12,6.8,mww,,38,1.065,1.46,us,us20009p1a,2020-07-10T16:44:40.407Z,"28km SW of Puerto San Jose, Guatemala",earthquake,6.8,3.5,0.028,123,reviewed,us,us
2,2018-04-05T03:53:38.410Z,6.8325,126.7785,34,6,mww,,17,1.213,0.82,us,us2000dus5,2020-07-10T17:09:21.906Z,"43km ESE of Tarragona, Philippines",earthquake,7.3,1.8,0.06,27,reviewed,us,us
3,2019-05-03T07:25:31.787Z,-6.9478,160.1125,27,6.2,mww,,35,2.48,0.66,us,us70003g5a,2019-07-25T18:54:11.040Z,"144km NNE of Buala, Solomon Islands",earthquake,8.1,1.8,0.044,50,reviewed,us,us
4,2019-04-09T17:53:58.423Z,-58.6262,-25.304,38,6.5,mww,,18,7.568,1.08,us,us600032fg,2019-06-20T19:03:09.040Z,"83km ENE of Bristol Island, South Sandwich Islands",earthquake,8.2,1.8,0.049,40,reviewed,us,us
5,2019-04-22T14:49:05.341Z,-56.2633,-27.3509,79,6,mww,,30,5.587,0.74,us,us70003a91,2019-06-26T20:55:14.040Z,"49km N of Visokoi Island, South Georgia and the South Sandwich Islands",earthquake,9.5,1.9,0.053,34,reviewed,us,us
6,2016-04-27T12:51:19.440Z,14.5178,-93.0882,16,6,mww,,40,0.885,1.3,us,us10005bxb,2016-11-10T22:15:34.159Z,"75km WSW of Puerto Madero, Mexico",earthquake,4.9,1.7,,,reviewed,us,us
7,2018-11-16T03:26:55.640Z,-10.5383,163.1676,10,6.2,mww,,25,3.354,1.18,us,us1000hsie,2019-01-30T18:36:21.040Z,"136km E of Kirakira, Solomon Islands",earthquake,8.4,1.8,0.05,39,reviewed,us,us
8,2017-12-13T18:03:43.920Z,-54.2189,2.1628,17,6.5,mww,,23,17.654,0.99,us,us2000c3y6,2018-03-06T00:49:39.040Z,"80km WNW of Bouvet Island, Bouvet Island",earthquake,9.7,1.7,0.041,57,reviewed,us,us
9,2019-04-06T21:55:01.660Z,-6.8285,125.0416,539,6.3,mww,,20,3.007,0.93,us,us2000kbi1,2019-06-19T23:26:40.987Z,"200km NNW of Dili, East Timor",earthquake,8.8,1.9,0.034,84,reviewed,us,us
10,2018-05-09T07:57:54.950Z,-5.8822,151.7836,9,6,mww,,24,1.722,0.84,us,us1000e17w,2020-07-10T15:47:07.987Z,"177km SSW of Kokopo, Papua New Guinea",earthquake,3.2,1.8,0.046,45,reviewed,us,us
11,2016-06-07T10:51:37.720Z,18.3637,-105.1731,10,6.3,mww,,56,1.383,1,us,us200062i1,2016-11-10T22:16:16.892Z,"106km SSW of San Patricio, Mexico",earthquake,5.5,1.7,,,reviewed,us,us
12,2019-12-24T16:43:33.420Z,-26.964,-63.3857,572.44,6,mww,,31,5.13,0.93,us,us70006qk4,2020-03-14T22:25:14.040Z,"16km WNW of El Hoyo, Argentina",earthquake,9.1,3,0.04,61,reviewed,us,us
13,2016-12-01T22:40:26.610Z,-15.3122,-70.827,12,6.2,mww,,43,2.455,1.11,us,us10007e55,2020-07-10T15:16:49.392Z,"44km NE of Huarichancara, Peru",earthquake,6.2,1.7,,,reviewed,us,us
14,2017-11-27T07:11:11.620Z,-4.5746,153.2269,54,6,mww,,37,1.126,0.7,us,us2000burc,2020-07-10T16:57:52.478Z,"24km ESE of Taron, Papua New Guinea",earthquake,7.7,1.9,0.05,38,reviewed,us,us
15,2016-04-19T05:25:39.940Z,-55.7283,-27.2307,14,6.2,mww,,32,5.521,0.8,us,us20005jqc,2016-11-10T22:15:26.770Z,"108km N of Visokoi Island, South Georgia and the South Sandwich Islands",earthquake,9.3,1.7,,,reviewed,us,us
16,2019-07-07T15:08:40.525Z,0.5126,126.1892,35,6.9,mww,,21,1.205,0.8,us,us70004dz3,2019-09-26T14:30:53.040Z,"134km WSW of Kota Ternate, Indonesia",earthquake,6.2,1.9,0.043,51,reviewed,us,us
17,2016-12-14T02:01:22.810Z,21.2897,144.4037,22.37,6,mww,,18,6.124,1.01,us,us200080m3,2017-03-09T02:14:30.040Z,"97km NNW of Farallon de Pajaros, Northern Mariana Islands",earthquake,7.3,1.8,,,reviewed,us,us
18,2017-01-22T04:30:22.960Z,-6.2464,155.1718,135,7.9,mww,,9,3.625,1.22,us,us10007uph,2020-07-10T15:22:42.046Z,"35km WNW of Panguna, Papua New Guinea",earthquake,7.3,1.8,0.042,54,reviewed,us,us
19,2016-12-18T09:47:06.130Z,8.3725,137.6736,19,6.2,mww,,16,8.76,1.06,us,us2000828l,2017-03-16T02:31:27.040Z,"22km ESE of Ngulu, Micronesia",earthquake,8.2,1.7,,,reviewed,us,us
20,2016-02-12T10:02:24.050Z,-9.6338,119.4013,28,6.3,mww,,39,2.971,1.14,us,us20004zp9,2020-07-10T16:23:22.877Z,"0km W of Komerda, Indonesia",earthquake,6.4,1.7,,,reviewed,us,us
21,2016-12-17T10:51:10.500Z,-4.5049,153.5216,94.54,7.9,mww,,13,1.389,0.97,us,us200081v8,2020-07-10T16:38:16.550Z,"54km E of Taron, Papua New Guinea",earthquake,7.3,3.8,,,reviewed,us,us
22,2018-02-25T17:44:44.140Z,-6.0699,142.7536,25.21,7.5,mww,,17,5.48,1.31,us,us2000d7q6,2020-08-15T02:15:52.360Z,"83km SW of Porgera, Papua New Guinea",earthquake,7.2,3,0.039,63,reviewed,us,us
23,2019-05-26T07:41:15.073Z,-5.8119,-75.2697,122.57,8,mww,,17,3.18,0.84,us,us60003sc0,2020-07-08T13:07:31.238Z,"78km SE of Lagunas, Peru",earthquake,7,4,0.036,75,reviewed,us,us
24,2016-01-14T03:25:28.270Z,-19.7597,-63.3288,582.56,6.1,mww,,16,5.492,1.04,us,us10004ebw,2016-11-10T22:08:17.357Z,"12km WNW of Charagua, Bolivia",earthquake,7.9,4.6,,,reviewed,us,us
25,2019-04-22T09:11:12.013Z,14.9538,120.5149,21.84,6.1,mww,,20,0.94,1.01,us,us70003a63,2020-07-10T17:39:16.814Z,"3km SSW of Floridablanca, Philippines",earthquake,6.3,3.7,0.035,77,reviewed,us,us
26,2018-01-19T16:17:44.720Z,26.6862,-111.0785,10,6.3,mww,,109,1.214,1.45,us,us2000cl83,2020-07-10T17:00:41.030Z,"78km NNE of Loreto, Mexico",earthquake,5.7,1.8,0.035,79,reviewed,us,us
27,2018-08-16T18:22:53.360Z,23.4226,143.3187,20,6.3,mww,,17,3.798,0.64,us,us1000gaqv,2018-10-27T16:22:04.040Z,"251km SE of Iwo Jima, Japan",earthquake,7.1,1.7,0.042,54,reviewed,us,us
28,2018-09-28T06:59:59.740Z,-0.4009,119.7705,4.99,6.1,mww,,33,1.81,0.95,us,us1000h3mf,2020-07-10T15:55:42.309Z,"55km NNW of Palu, Indonesia",earthquake,5.8,3.5,0.071,19,reviewed,us,us
29,2016-12-21T00:17:14.990Z,-7.5082,127.9206,152,6.7,mww,,17,3.38,1.2,us,us10007lkw,2020-07-10T15:17:52.442Z,"283km ENE of Dili, East Timor",earthquake,5.3,1.8,,,reviewed,us,us
30,2019-08-01T18:28:07.270Z,-34.2364,-72.3102,25,6.8,mww,,35,0.817,0.91,us,us60004yps,2020-07-10T17:32:41.012Z,"95km SW of San Antonio, Chile",earthquake,5.1,1.8,0.045,48,reviewed,us,us
31,2019-03-10T12:48:00.607Z,-10.1317,152.0647,9,6,mww,,35,4.888,0.75,us,us1000jd7d,2019-05-24T21:21:26.040Z,"139km SSW of Kulumadau, Papua New Guinea",earthquake,7.1,1.8,0.039,64,reviewed,us,us
32,2016-10-15T08:03:38.150Z,-4.2735,150.3606,442,6.3,mww,,18,1.661,0.98,us,us20007ebu,2017-01-15T01:13:56.040Z,"143km N of Kimbe, Papua New Guinea",earthquake,9.2,1.9,,,reviewed,us,us
33,2016-08-31T03:11:34.420Z,-3.6849,152.7915,476,6.8,mww,,12,0.803,0.63,us,us10006iy0,2020-07-10T15:07:06.515Z,"39km E of Namatanai, Papua New Guinea",earthquake,8.1,1.9,,,reviewed,us,us
34,2017-04-24T21:38:30.820Z,-33.0375,-72.0617,28,6.9,mww,,39,0.356,0.73,us,us10008kce,2020-07-21T00:11:12.262Z,"40km W of Valparaiso, Chile",earthquake,4.9,1.8,,,reviewed,us,us
35,2016-09-17T01:20:17.940Z,-2.0829,140.5718,9,6,mww,,12,6.79,0.94,us,us10006qas,2016-12-12T23:01:26.040Z,"51km NNW of Jayapura, Indonesia",earthquake,7.3,1.7,,,reviewed,us,us
36,2016-08-04T16:24:33.530Z,24.9447,142.0141,510,6.3,mww,,13,2.147,0.77,us,us10006a2k,2016-11-10T22:17:49.745Z,"71km ENE of Iwo Jima, Japan",earthquake,8,1.9,,,reviewed,us,us
37,2017-05-10T23:23:36.830Z,-56.414,-25.7432,15,6.5,mww,,17,6.489,0.88,us,us10008rb6,2017-08-01T23:02:28.040Z,"95km ENE of Visokoi Island, South Georgia and the South Sandwich Islands",earthquake,7.5,1.3,0.041,56,reviewed,us,us
38,2018-03-25T20:14:47.690Z,-6.6343,129.8172,169,6.4,mww,,13,1.988,1.09,us,us1000d8xh,2018-06-19T01:35:53.040Z,"220km NW of Saumlaki, Indonesia",earthquake,6.5,0.7,0.033,87,reviewed,us,us
39,2018-11-04T07:55:29.280Z,7.7599,123.867,600.71,6,mww,,22,1.831,0.6,us,us2000i6mv,2019-01-21T14:29:46.040Z,"10km SSE of Sapad, Philippines",earthquake,8.9,3.3,0.036,74,reviewed,us,us
40,2017-12-03T11:19:05.440Z,-0.47,-80.3101,17,6.1,mww,,47,1.763,1.04,us,us1000bkjh,2020-07-10T15:37:57.694Z,"18km NE of Bahia de Caraquez, Ecuador",earthquake,5.6,1.7,0.045,48,reviewed,us,us
41,2016-04-01T19:24:55.370Z,-3.3585,144.887,6,6.2,mww,,37,2.8,1.42,us,us20005e01,2020-07-10T16:24:59.178Z,"119km NE of Angoram, Papua New Guinea",earthquake,6.5,1.8,,,reviewed,us,us
42,2016-10-27T20:32:55.790Z,-33.7771,-72.5321,12.57,6,mww,,78,0.774,1.05,us,us100072gn,2017-01-20T00:31:10.040Z,"86km WSW of San Antonio, Chile",earthquake,4.2,2.7,,,reviewed,us,us
43,2019-06-14T00:19:12.401Z,-30.0557,-72.0819,11,6.4,mww,,30,0.727,0.87,us,us600040ja,2019-09-06T14:25:03.040Z,"72km W of Coquimbo, Chile",earthquake,4.1,1.6,0.035,80,reviewed,us,us
44,2016-08-21T03:45:23.780Z,-55.3133,-31.7508,12,6.1,mww,,17,2.929,0.78,us,us10006fik,2016-11-19T04:58:33.040Z,South Georgia Island region,earthquake,8.3,1.7,,,reviewed,us,us
45,2016-10-17T06:14:58.270Z,-6.0033,148.8871,42,6.8,mww,,11,3.727,1.13,us,us20007ept,2020-07-10T16:34:10.527Z,"77km WNW of Kandrian, Papua New Guinea",earthquake,1.8,1.8,,,reviewed,us,us
46,2018-09-28T10:02:45.250Z,-0.2559,119.8462,20,7.5,mww,,13,1.649,1,us,us1000h3p4,2020-08-25T22:32:06.150Z,"70km N of Palu, Indonesia",earthquake,5.8,1.8,0.05,39,reviewed,us,us
47,2019-11-04T21:53:25.320Z,-31.8362,-71.3753,53,6.1,mww,,23,0.707,1.14,us,us70006345,2020-07-10T17:52:09.617Z,"30km SW of Illapel, Chile",earthquake,4.7,1.8,0.057,30,reviewed,us,us
48,2016-11-04T16:20:44.440Z,-35.0945,-71.0457,90,6.3,mww,,34,0.371,1.06,us,us1000744u,2020-07-10T15:12:34.703Z,"21km SE of Curico, Chile",earthquake,6.1,1.8,,,reviewed,us,us
49,2019-03-15T05:03:50.060Z,-17.8744,-65.9072,359,6.3,mww,,23,2.648,0.95,us,us1000jg5z,2019-06-01T21:24:15.040Z,"30km S of Cliza, Bolivia",earthquake,6.8,1.9,0.03,108,reviewed,us,us
50,2018-03-04T19:56:17.890Z,-6.331,142.5994,10,6,mww,,18,5.452,1.25,us,us2000dc52,2020-07-10T17:07:55.284Z,"116km SW of Porgera, Papua New Guinea",earthquake,8,1.8,0.049,40,reviewed,us,us
51,2019-06-19T17:24:48.803Z,-2.2656,138.461,10,6.3,mww,,58,2.255,0.88,us,us6000434e,2020-07-10T17:29:19.871Z,"239km W of Abepura, Indonesia",earthquake,6.7,1.8,0.061,26,reviewed,us,us
52,2018-02-11T23:14:15.080Z,13.8205,146.4377,10,6,mww,,15,1.542,0.73,us,us2000d0p1,2018-05-03T22:15:11.040Z,"138km ESE of Rota, Northern Mariana Islands",earthquake,7.2,1.7,0.057,30,reviewed,us,us
53,2019-06-28T15:51:31.302Z,19.8515,144.3477,410,6.4,mww,,26,4.787,1.16,us,us700046la,2020-06-27T16:01:45.618Z,"95km SW of Farallon de Pajaros, Northern Mariana Islands",earthquake,7.9,1.9,0.043,53,reviewed,us,us
54,2016-02-17T17:26:02.210Z,0.8597,129.0605,9,6,mww,,22,1.695,1,us,us200050wc,2016-11-10T22:12:48.774Z,"151km SE of Tobelo, Indonesia",earthquake,6,1.7,,,reviewed,us,us
55,2018-08-17T15:35:01.890Z,-7.3718,119.8017,529,6.5,mww,,23,2.719,0.98,us,us1000gbi4,2018-10-27T16:22:04.040Z,"114km NNW of Nggilat, Indonesia",earthquake,8.8,1.9,0.045,48,reviewed,us,us
56,2019-12-03T08:46:35.780Z,-18.5042,-70.576,38,6,mww,,82,0.258,1.38,us,us70006fh7,2020-07-10T17:55:35.215Z,"28km W of Arica, Chile",earthquake,5.5,1.9,0.071,19,reviewed,us,us
57,2019-04-23T05:37:53.147Z,11.7547,125.2013,56,6.4,mww,,15,4.67,1.07,us,us70003aj3,2020-07-10T17:39:35.620Z,"17km ESE of Tutubigan, Philippines",earthquake,7,1.9,0.042,54,reviewed,us,us
58,2016-01-21T18:06:57.650Z,18.8239,-106.9337,10,6.6,mww,,74,2.413,0.98,us,us10004g4l,2016-11-10T22:09:24.127Z,"215km SW of Tomatlan, Mexico",earthquake,6.7,1.7,,,reviewed,us,us
59,2018-02-28T02:45:45.430Z,-6.1696,142.4681,16,6.1,mww,,19,5.651,1.03,us,us2000d90d,2020-07-10T17:07:04.631Z,"112km SW of Porgera, Papua New Guinea",earthquake,7.1,1.7,0.054,33,reviewed,us,us
60,2017-01-10T06:13:48.140Z,4.4782,122.6171,627.17,7.3,mww,,18,3.813,1.05,us,us10007s9c,2017-05-07T17:42:08.352Z,"189km SSE of Tabiauan, Philippines",earthquake,8.5,3,,,reviewed,us,us
61,2017-05-15T13:22:38.630Z,-4.022,152.4781,10,6.2,mww,,21,7.515,0.82,us,us10008sjn,2020-07-10T15:31:55.551Z,"39km ENE of Rabaul, Papua New Guinea",earthquake,5.9,1.8,0.071,19,reviewed,us,us
62,2016-09-14T07:25:00.070Z,-9.329,159.1673,14,6,mww,,15,0.777,1.24,us,us10006pfn,2020-07-10T15:09:09.810Z,"86km W of Honiara, Solomon Islands",earthquake,6.5,1.7,,,reviewed,us,us
63,2016-07-25T17:26:50.210Z,-26.1067,-70.5111,72,6.1,mww,,25,0.088,0.68,us,us20006hi2,2020-07-10T16:32:41.314Z,"54km WNW of Diego de Almagro, Chile",earthquake,4.9,1.7,,,reviewed,us,us
64,2017-09-23T12:53:01.480Z,16.6258,-95.0778,10,6.1,mww,,31,1.306,1.32,us,us2000atjv,2020-07-10T16:53:24.763Z,"5km NNE of San Jeronimo Ixtepec, Mexico",earthquake,3.8,1.7,0.042,55,reviewed,us,us
65,2019-02-01T16:14:12.329Z,14.6802,-92.4527,66,6.7,mww,,43,0.289,1.36,us,us2000jbub,2020-07-10T17:23:54.955Z,"5km SW of Puerto Madero, Mexico",earthquake,5.7,1.8,0.065,23,reviewed,us,us
66,2016-05-20T18:14:04.670Z,-25.5655,129.8841,10,6,mww,,24,1.53,1.33,us,us10005iyk,2018-03-13T01:22:51.756Z,"Northern Territory, Australia",earthquake,2.2,1.7,,,reviewed,us,us
67,2016-02-22T06:36:59.400Z,-30.4242,-72.2967,12,6,mww,,39,0.622,1.37,us,us10004rn7,2016-11-10T22:13:35.520Z,"105km WSW of Coquimbo, Chile",earthquake,4.7,1.7,,,reviewed,us,us
68,2018-10-28T22:23:53.420Z,13.0346,-90.3687,22,6.1,mww,,56,1.282,0.86,us,us1000hib5,2019-01-10T17:18:41.040Z,"85km SW of Acajutla, El Salvador",earthquake,6.7,1.8,0.036,76,reviewed,us,us
69,2019-10-16T11:37:06.342Z,6.7147,125.007,16.12,6.4,mww,,33,0.668,0.85,us,us70005ulm,2020-07-10T17:50:27.542Z,"7km ENE of Columbio, Philippines",earthquake,6.4,4.2,0.043,53,reviewed,us,us
70,2018-09-09T19:31:35.090Z,-10.0207,161.5025,68,6.5,mww,,25,1.638,0.97,us,us2000hbk9,2020-07-10T17:17:14.887Z,"66km NW of Kirakira, Solomon Islands",earthquake,7.5,1.9,0.035,77,reviewed,us,us
71,2019-01-22T19:01:43.580Z,-43.1219,42.3568,13,6.7,mww,,17,7.527,0.72,us,us2000j7dn,2019-04-12T17:14:02.040Z,Prince Edward Islands region,earthquake,4.9,1.7,0.04,61,reviewed,us,us
72,2019-04-05T16:14:16.716Z,-55.9308,-27.8522,57,6.4,mww,,31,5.225,0.86,us,us2000kav9,2019-06-18T15:50:26.040Z,"94km NNW of Visokoi Island, South Georgia and the South Sandwich Islands",earthquake,8.5,1.8,0.047,44,reviewed,us,us
73,2019-11-14T16:17:40.578Z,1.6213,126.4156,33,7.1,mww,,11,1.271,1.15,us,us60006bjl,2020-08-04T19:13:06.754Z,"138km E of Bitung, Indonesia",earthquake,6.1,1.7,0.036,75,reviewed,us,us
74,2018-10-10T20:45:25.300Z,-5.7433,151.3533,41.56,6.1,mb,,20,1.74,0.95,us,us1000ha9t,2020-07-10T15:58:15.884Z,"135km E of Kimbe, Papua New Guinea",earthquake,6.6,3.7,0.034,338,reviewed,us,us
75,2018-12-16T09:42:37.200Z,-3.9226,140.2323,61.97,6.1,mww,,14,7.364,0.93,us,us2000iu2u,2020-07-10T17:18:57.393Z,"147km SSW of Abepura, Indonesia",earthquake,3,3.8,0.045,48,reviewed,us,us
76,2016-06-10T03:25:22.920Z,12.8318,-86.9633,10,6.1,mww,,39,0.159,1.04,us,us200063cy,2020-07-10T16:30:13.154Z,"22km E of Puerto Morazan, Nicaragua",earthquake,5.3,1.7,,,reviewed,us,us
77,2017-01-10T15:27:14.780Z,-10.1132,161.0271,26,6.3,mww,,14,1.257,0.69,us,us10007sd4,2020-07-10T15:20:26.934Z,"104km WNW of Kirakira, Solomon Islands",earthquake,7.2,1.7,,,reviewed,us,us
78,2019-01-20T01:32:52.480Z,-30.0404,-71.3815,63,6.7,mww,,22,0.173,1.47,us,us2000j6hy,2020-07-10T17:22:46.061Z,"10km SSW of Coquimbo, Chile",earthquake,5.8,1.8,0.036,73,reviewed,us,us
79,2018-08-17T23:22:24.950Z,8.7791,-83.1527,15,6.1,mww,,37,0.459,1.12,us,us1000gc0k,2020-07-10T15:51:48.781Z,"15km N of Golfito, Costa Rica",earthquake,6,1.7,0.052,36,reviewed,us,us
80,2019-07-14T05:39:23.420Z,-18.2242,120.3584,10,6.6,mww,,32,2.978,0.7,us,us70004jxe,2020-07-10T17:44:37.654Z,"200km W of Broome, Australia",earthquake,6.5,1.5,0.029,116,reviewed,us,us
81,2019-11-23T12:11:15.564Z,1.6436,132.8148,5,6.2,mww,,25,4.567,0.94,us,us70006c6w,2020-02-14T22:02:14.040Z,"Papua region, Indonesia",earthquake,6.5,1.7,0.042,54,reviewed,us,us
82,2018-04-02T13:40:34.840Z,-20.6588,-63.0058,559,6.8,mww,,16,5.32,0.99,us,us1000dce2,2018-06-30T01:11:24.040Z,"11km NNE of Carandayti, Bolivia",earthquake,6.7,1.9,0.047,43,reviewed,us,us
83,2018-12-19T01:37:40.500Z,-36.1378,-101.0723,10,6.3,mww,,25,11.408,1.16,us,us2000iuya,2019-02-23T20:21:27.040Z,Southeast of Easter Island,earthquake,5.6,1.7,0.057,30,reviewed,us,us
84,2018-01-21T01:06:42.710Z,-18.8806,-69.4445,116,6.3,mww,,15,0.545,1.41,us,us2000cm0f,2020-07-10T17:01:06.152Z,"76km S of Putre, Chile",earthquake,6.4,1.8,0.047,44,reviewed,us,us
85,2019-03-01T08:50:42.591Z,-14.7131,-70.1546,267,7,mww,,42,2.501,1.13,us,us1000j96d,2020-07-10T16:02:45.751Z,"23km NNE of Azangaro, Peru",earthquake,7.6,1.9,0.033,87,reviewed,us,us
86,2017-02-21T14:09:04.320Z,-19.2814,-63.9047,595.98,6.5,mww,,14,4.242,0.9,us,us20008l41,2017-05-17T01:19:35.040Z,"41km E of Padilla, Bolivia",earthquake,9.6,3,0.04,59,reviewed,us,us
87,2016-12-08T17:38:46.280Z,-10.6812,161.3273,40,7.8,mww,,13,1.836,0.88,us,us20007z80,2020-07-10T16:36:11.529Z,"69km WSW of Kirakira, Solomon Islands",earthquake,8.3,1.8,,,reviewed,us,us
88,2017-04-23T02:36:07.830Z,-33.0354,-72.0296,21,6,mww,,40,0.329,0.92,us,us10008jvr,2020-07-10T15:27:39.435Z,"37km W of Valparaiso, Chile",earthquake,3.7,1.7,0.05,39,reviewed,us,us
89,2017-10-10T18:53:27.830Z,-54.2632,8.6086,9,6.7,mww,,20,18.167,1.08,us,us1000apql,2018-01-09T02:14:54.040Z,Bouvet Island region,earthquake,8.8,1.8,0.083,14,reviewed,us,us
90,2018-02-26T13:34:53.530Z,-2.7774,126.6859,9,6.1,mww,,38,3.59,0.8,us,us2000d855,2020-07-10T17:05:55.291Z,"44km NE of Airbuaya, Indonesia",earthquake,6.7,1.7,0.048,41,reviewed,us,us
91,2019-05-06T21:19:37.983Z,-6.9746,146.4494,146,7.1,mww,,16,2.514,1.02,us,us70003hqb,2020-07-10T17:40:18.038Z,"33km NW of Bulolo, Papua New Guinea",earthquake,6.6,1.6,0.032,93,reviewed,us,us
92,2017-05-20T01:06:14.250Z,9.3818,123.9537,533,6,mww,,28,2.804,0.99,us,us10008tp0,2020-07-10T15:32:22.626Z,"25km S of Alburquerque, Philippines",earthquake,8,1.9,0.042,55,reviewed,us,us
93,2016-04-13T18:21:52.730Z,7.7917,122.0231,17,6,mww,,19,3.598,0.93,us,us20005hux,2020-07-10T16:26:49.145Z,"15km NW of Siocon, Philippines",earthquake,3.3,1.6,,,reviewed,us,us
94,2016-08-19T07:32:22.710Z,-55.2852,-31.8766,10,7.4,mww,,18,2.852,0.79,us,us10006exl,2018-10-17T21:50:08.416Z,South Georgia Island region,earthquake,8.4,1.7,,,reviewed,us,us
95,2018-01-28T16:03:03.970Z,-53.0623,9.6842,10,6.6,mww,,27,19.475,0.61,us,us2000cqnn,2018-04-20T07:05:34.040Z,Southwest of Africa,earthquake,10.3,1.8,0.055,32,reviewed,us,us
96,2016-11-20T20:57:44.000Z,-31.6226,-68.6259,108,6.4,mww,,59,0.091,0.98,us,us10007az5,2020-07-10T15:14:29.085Z,"7km NNW of Pocito, Argentina",earthquake,5,1.8,,,reviewed,us,us
97,2017-08-13T03:08:10.560Z,-3.7682,101.6228,31,6.4,mww,,26,1.453,0.9,us,us2000a7q2,2020-07-10T16:49:49.903Z,"71km W of Bengkulu, Indonesia",earthquake,5.8,1.7,0.057,30,reviewed,us,us
98,2019-01-05T19:25:38.520Z,-8.144,-71.587,570.41,6.8,mww,,16,1.181,1.15,us,us2000j0ja,2019-03-08T17:50:16.040Z,"90km W of Tarauaca, Brazil",earthquake,7.1,2.7,0.049,40,reviewed,us,us
99,2019-09-19T07:06:33.291Z,-6.0708,111.8422,610,6.1,mww,,19,1.698,0.97,us,us60005kta,2019-12-10T17:26:57.040Z,"70km NNE of Blimbing, Indonesia",earthquake,8.8,2,0.038,66,reviewed,us,us
100,2019-09-25T23:46:43.543Z,-3.4528,128.3699,12.26,6.5,mww,,15,3.909,0.95,us,us70005lfd,2020-07-10T17:48:10.911Z,"11km S of Kairatu, Indonesia",earthquake,6.2,2.4,0.038,65,reviewed,us,us
101,2019-11-02T18:08:41.113Z,-55.735,-26.2399,8,6.1,mww,,23,6.073,1.3,us,us700062cg,2020-01-18T20:00:55.040Z,"122km NNE of Visokoi Island, South Georgia and the South Sandwich Islands",earthquake,8.7,1.6,0.05,38,reviewed,us,us
102,2016-04-29T01:33:38.910Z,10.2752,-103.7363,10,6.6,mww,,38,7.528,0.92,us,us10005cc4,2016-11-30T20:56:53.351Z,Northern East Pacific Rise,earthquake,8.5,1.7,,,reviewed,us,us
103,2018-10-10T18:44:55.280Z,-7.4525,114.4553,9,6,mww,,27,1.054,1.15,us,us1000ha6q,2020-07-10T15:58:03.845Z,"40km NNE of Cungapmimbo, Indonesia",earthquake,5.8,1.7,0.041,58,reviewed,us,us
104,2018-05-02T06:32:49.020Z,-24.2723,-111.6328,10,6,mww,,38,3.492,1.21,us,us1000dw7i,2018-07-27T20:20:32.040Z,Easter Island region,earthquake,10.3,1.8,0.058,29,reviewed,us,us
105,2016-05-28T09:46:59.780Z,-56.2409,-26.9353,78,7.2,mww,,24,5.803,0.89,us,us20005ysu,2018-10-17T21:49:39.934Z,"53km NNE of Visokoi Island, South Georgia and the South Sandwich Islands",earthquake,6.3,1.8,,,reviewed,us,us
106,2017-03-05T22:47:53.970Z,-5.9945,149.3619,37,6.3,mww,,17,3.316,0.91,us,us1000876f,2020-07-10T15:23:54.742Z,"32km NW of Kandrian, Papua New Guinea",earthquake,7.4,1.9,,,reviewed,us,us
107,2016-12-17T11:27:36.170Z,-5.6291,154.0216,8.43,6.3,mww,,31,2.338,0.84,us,us200081w0,2020-07-10T16:38:46.653Z,"168km SE of Taron, Papua New Guinea",earthquake,8.3,3.2,,,reviewed,us,us
108,2017-08-27T04:17:51.000Z,-1.4525,148.08,8,6.3,mww,,13,0.923,0.83,us,us2000ac7a,2017-11-28T18:33:48.040Z,"109km NE of Lorengau, Papua New Guinea",earthquake,5.9,1.7,0.061,26,reviewed,us,us
109,2017-09-07T17:26:49.320Z,27.7829,139.8041,451,6.1,mww,,20,2.223,1.15,us,us2000ahlq,2017-12-07T20:00:19.040Z,"250km WNW of Chichi-shima, Japan",earthquake,9.1,1.9,0.052,36,reviewed,us,us
110,2019-05-31T10:12:32.876Z,6.2795,126.479,98.72,6.1,mww,,26,1.189,0.74,us,us70003tl7,2019-08-24T21:17:39.040Z,"34km ESE of Pondaguitan, Philippines",earthquake,6.2,4.6,0.048,41,reviewed,us,us
111,2016-01-26T03:10:20.750Z,-5.2952,153.2454,26,6.1,mww,,25,1.537,0.74,us,us20004uks,2016-11-10T22:10:03.221Z,"94km SSE of Taron, Papua New Guinea",earthquake,6.2,1.8,,,reviewed,us,us
112,2017-08-11T05:28:25.790Z,14.0065,120.7391,172,6.2,mww,,17,0.214,0.81,us,us2000a77i,2020-07-10T16:49:11.187Z,"1km SE of Tuy, Philippines",earthquake,6.6,1.9,0.045,47,reviewed,us,us
113,2019-08-27T23:55:19.187Z,-60.2152,-26.5801,16,6.6,mww,,19,12.896,0.91,us,us700058yy,2019-11-15T17:18:59.040Z,"131km S of Bristol Island, South Sandwich Islands",earthquake,9.1,1.7,0.045,48,reviewed,us,us
114,2016-06-09T04:13:08.130Z,-11.2487,116.2669,19,6.1,mww,,27,3.459,0.76,us,us200062zs,2016-11-10T22:16:21.322Z,"260km S of Kute, Indonesia",earthquake,6.6,1.7,,,reviewed,us,us
115,2017-11-13T02:28:23.680Z,9.5147,-84.4865,19.36,6.5,mww,,37,0.225,1.25,us,us2000bmhe,2020-08-15T01:22:51.287Z,"18km W of Parrita, Costa Rica",earthquake,5,2.6,0.05,38,reviewed,us,us
116,2019-06-24T01:05:29.464Z,-2.7756,138.5675,28,6.1,mww,,19,2.15,1.1,us,us600044z4,2020-07-10T17:29:59.301Z,"224km W of Abepura, Indonesia",earthquake,6.8,1.8,0.048,41,reviewed,us,us
117,2018-09-07T02:12:06.280Z,-2.2532,-78.7903,110.5,6.2,mww,,26,1.541,0.95,us,us2000ha13,2020-07-10T17:16:16.589Z,"7km SE of Alausi, Ecuador",earthquake,6.7,1.8,0.043,51,reviewed,us,us
118,2016-12-20T04:21:29.150Z,-10.175,161.2271,20,6.4,mww,,21,1.458,0.87,us,us200082pp,2020-07-10T16:39:19.145Z,"81km WNW of Kirakira, Solomon Islands",earthquake,8,1.7,,,reviewed,us,us
119,2016-05-18T07:57:02.650Z,0.4261,-79.7899,16,6.7,mww,,21,1.352,1.13,us,us10005i5t,2020-07-10T15:02:56.750Z,"33km SE of Muisne, Ecuador",earthquake,6.5,1.7,,,reviewed,us,us
120,2018-05-05T06:19:05.040Z,14.5708,123.9192,18,6.1,mww,,21,2.928,0.98,us,us1000dym9,2020-07-10T15:46:23.267Z,"64km NNW of Pandan, Philippines",earthquake,4.4,1.8,0.055,32,reviewed,us,us
121,2019-11-05T20:52:01.485Z,-57.9236,-9.3217,10,6.3,mww,,30,14.063,1.42,us,us700063mh,2020-02-01T23:21:37.040Z,East of the South Sandwich Islands,earthquake,10,1.7,0.048,41,reviewed,us,us
122,2016-12-29T22:30:19.300Z,-9.0279,118.6639,79,6.3,mww,,26,3.553,1.42,us,us10007nl0,2020-07-10T15:19:10.234Z,"29km S of Tolotangga, Indonesia",earthquake,6.2,1.8,,,reviewed,us,us
123,2016-12-18T13:30:10.680Z,-9.9738,-70.9698,612,6.4,mww,,11,2.812,0.74,us,us200082an,2020-07-08T13:05:26.166Z,"201km S of Tarauaca, Brazil",earthquake,9,1.9,,,reviewed,us,us
124,2018-10-10T20:48:20.100Z,-5.7012,151.2046,39,7,mww,,18,1.778,1.1,us,us1000haa3,2020-07-10T15:58:27.324Z,"118km E of Kimbe, Papua New Guinea",earthquake,7.2,1.9,0.056,31,reviewed,us,us
125,2017-03-04T02:58:20.280Z,-7.3277,155.748,17,6.1,mww,,15,4.654,1.03,us,us100086x7,2020-07-10T15:23:32.922Z,"115km SSE of Panguna, Papua New Guinea",earthquake,6.8,1.6,0.056,31,reviewed,us,us
126,2018-03-08T17:39:51.100Z,-4.3762,153.1996,22.86,6.8,mww,,16,1.049,1.05,us,us1000d1kv,2020-07-10T15:41:59.232Z,"21km ENE of Taron, Papua New Guinea",earthquake,6.5,3,0.046,45,reviewed,us,us
127,2019-06-04T04:39:16.961Z,29.0665,139.289,422,6.4,mww,,21,3.224,0.85,us,us70003v3j,2019-08-27T17:47:26.040Z,"Izu Islands, Japan region",earthquake,8.4,1.9,0.036,75,reviewed,us,us
128,2018-10-10T22:00:34.500Z,-4.9624,151.7231,121,6.2,mww,,12,0.883,0.96,us,us1000habl,2020-07-10T15:59:12.668Z,"90km SW of Kokopo, Papua New Guinea",earthquake,5,1.8,0.046,46,reviewed,us,us
129,2016-04-22T03:03:41.720Z,-0.2921,-80.5039,10,6,mww,,44,2.025,0.91,us,us20005kqh,2020-07-10T16:28:31.981Z,"35km NNW of Bahia de Caraquez, Ecuador",earthquake,5.8,1.7,,,reviewed,us,us
130,2016-04-16T23:58:36.980Z,0.3819,-79.9218,20.59,7.8,mww,,15,1.44,0.94,us,us20005j32,2020-08-15T05:15:07.767Z,"27km SSE of Muisne, Ecuador",earthquake,5.7,3.2,,,reviewed,us,us
131,2019-06-24T02:53:39.830Z,-6.4078,129.1692,212,7.3,mww,,16,2.629,1.08,us,us600044zz,2020-07-10T17:30:11.502Z,"292km NW of Saumlaki, Indonesia",earthquake,5.1,1.8,0.045,48,reviewed,us,us
132,2019-10-31T01:11:19.146Z,6.9098,125.1782,10,6.5,mww,,19,0.428,0.76,us,us700061e9,2020-07-10T17:51:48.013Z,"2km ESE of Kisante, Philippines",earthquake,7,1.7,0.043,51,reviewed,us,us
133,2019-07-14T09:10:51.523Z,-0.5858,128.034,18.98,7.2,mww,,38,1.504,0.88,us,us70004jyv,2020-07-30T13:31:26.346Z,"93km NNE of Laiwui, Indonesia",earthquake,7.3,3.4,0.049,40,reviewed,us,us
134,2016-04-20T08:33:47.330Z,0.639,-80.2104,14,6.2,mww,,48,1.804,0.83,us,us20005k37,2020-07-10T16:27:58.684Z,"20km WNW of Muisne, Ecuador",earthquake,5.1,1.3,,,reviewed,us,us
135,2016-06-21T17:12:07.370Z,-3.4199,151.8796,354,6.3,mww,,12,0.816,1.08,us,us200065sc,2020-07-10T16:30:49.488Z,"67km WNW of Namatanai, Papua New Guinea",earthquake,7.6,1.7,,,reviewed,us,us
136,2016-12-08T21:56:07.500Z,-10.8416,161.3137,12.26,6.5,mww,,18,1.937,0.98,us,us20007zbn,2020-07-10T16:36:33.519Z,"79km WSW of Kirakira, Solomon Islands",earthquake,7.1,1.5,,,reviewed,us,us
137,2019-09-26T16:36:18.155Z,-40.8145,-71.9993,129,6.1,mww,,30,0.445,0.79,us,us70005lt4,2020-07-10T17:49:02.025Z,"30km WSW of Villa La Angostura, Argentina",earthquake,4.5,1.8,0.058,29,reviewed,us,us
138,2016-12-24T01:32:16.040Z,-5.2453,153.5754,35,6,mww,,13,1.753,0.91,us,us10007mf5,2017-03-23T22:52:00.040Z,"105km SE of Taron, Papua New Guinea",earthquake,6.9,1.9,,,reviewed,us,us
139,2017-05-12T10:41:26.710Z,12.9187,-90.0611,16,6.2,mww,,22,1.111,1.03,us,us10008rtu,2017-08-01T23:02:31.040Z,"78km SSW of Acajutla, El Salvador",earthquake,5.4,1.6,0.031,100,reviewed,us,us
140,2018-04-07T05:48:40.010Z,-5.8382,142.5314,18.07,6.3,mww,,19,5.796,0.84,us,us2000dvwq,2020-07-10T17:10:17.700Z,"84km WSW of Porgera, Papua New Guinea",earthquake,7.1,3,0.065,23,reviewed,us,us
141,2019-05-30T09:03:32.337Z,13.1994,-89.3056,57.92,6.6,mww,,22,1.193,0.83,us,us70003t2n,2020-07-10T17:41:36.265Z,"32km S of La Libertad, El Salvador",earthquake,1.7,5.5,0.073,18,reviewed,us,us
142,2016-06-07T19:15:15.330Z,1.2789,126.3712,31,6.3,mww,,10,1.115,1.1,us,us200062l9,2020-07-10T16:29:50.036Z,"123km WNW of Kota Ternate, Indonesia",earthquake,5.3,1.8,,,reviewed,us,us
143,2016-10-19T00:26:01.090Z,-4.8626,108.1627,614,6.6,mww,,16,2.022,1.21,us,us20007f7j,2017-01-15T01:13:54.040Z,"161km NNE of Pamanukan, Indonesia",earthquake,6.6,1.9,,,reviewed,us,us
144,2016-09-20T16:21:16.550Z,30.5017,142.0478,9,6.1,mww,,19,3.225,0.49,us,us10006r42,2016-12-12T23:01:33.040Z,"Izu Islands, Japan region",earthquake,4.2,1.6,,,reviewed,us,us
145,2018-04-19T21:09:17.000Z,-42.7797,42.1877,10,6,mww,,20,15.638,0.83,us,us1000dnuj,2018-07-17T02:05:32.040Z,Prince Edward Islands region,earthquake,9.6,1.7,0.042,54,reviewed,us,us
146,2018-05-04T22:32:54.650Z,19.3181667,-154.9996667,5.81,6.9,mw,63,210,0.11,0.11,hv,hv70116556,2020-08-15T02:55:22.135Z,"19km SSW of Leilani Estates, Hawaii",earthquake,0.52,0.31,,10,reviewed,hv,hv
147,2016-07-11T02:11:04.800Z,0.5812,-79.638,21,6.3,mww,,37,1.235,1.01,us,us100062hg,2020-07-10T15:04:07.489Z,"33km NW of Rosa Zarate, Ecuador",earthquake,4.4,1.5,,,reviewed,us,us
148,2019-08-02T12:03:27.001Z,-7.2822,104.7907,49,6.9,mww,,23,2.839,0.76,us,us60004zhq,2020-07-10T17:33:00.143Z,"106km WSW of Tugu Hilir, Indonesia",earthquake,7,1.9,0.043,51,reviewed,us,us
149,2016-09-23T22:53:10.400Z,6.5717,126.4918,65,6.3,mww,,13,1.032,0.93,us,us10006s4v,2020-07-10T15:10:13.436Z,"36km SE of Tamisan, Philippines",earthquake,2.3,1.8,,,reviewed,us,us
150,2017-12-01T02:49:58.490Z,-6.1346,147.6564,34,6,mww,,11,3.286,1.06,us,us1000bjph,2020-07-10T15:37:47.410Z,"56km NNW of Finschhafen, Papua New Guinea",earthquake,6.6,1.7,0.059,28,reviewed,us,us
151,2018-10-29T06:54:21.250Z,-57.434,-66.3834,10,6.3,mww,,13,2.603,0.79,us,us1000hied,2019-01-21T14:29:37.040Z,Drake Passage,earthquake,6.8,1.7,0.037,72,reviewed,us,us
152,2019-02-22T10:17:23.770Z,-2.1862,-77.0505,145,7.5,mww,,15,2.045,1.12,us,us2000jlfv,2020-07-07T22:52:36.277Z,"111km ESE of Palora, Ecuador",earthquake,6.2,1.8,0.026,144,reviewed,us,us
153,2018-01-14T09:18:45.540Z,-15.7675,-74.7092,39,7.1,mww,,23,4.29,1.2,us,us2000cjfy,2020-07-10T16:59:57.312Z,"38km SSW of Acari, Peru",earthquake,7,1.8,0.032,95,reviewed,us,us
154,2016-11-08T04:55:45.900Z,-36.5776,-73.5603,20,6,mww,,54,0.342,0.82,us,us10007681,2020-07-10T15:13:00.804Z,"42km WNW of Talcahuano, Chile",earthquake,4.1,1.8,,,reviewed,us,us
155,2017-10-31T11:50:48.370Z,-3.7449,127.7517,6,6.1,mww,,22,4.503,1.15,us,us1000ayz8,2020-07-10T15:36:57.386Z,"41km WSW of Hila, Indonesia",earthquake,6.6,1.7,0.05,39,reviewed,us,us
156,2017-10-24T10:47:47.860Z,-7.2168,123.0735,553.81,6.7,mww,,16,1.634,0.97,us,us1000aw8q,2018-01-17T21:50:32.040Z,"144km NNE of Palue, Indonesia",earthquake,8.6,3.1,0.046,46,reviewed,us,us
157,2018-11-15T20:02:22.920Z,-56.7065,-25.546,15,6.4,mww,,26,6.674,0.76,us,us1000hsaf,2019-01-30T18:36:22.040Z,"101km E of Visokoi Island, South Georgia and the South Sandwich Islands",earthquake,9.2,1.7,0.05,39,reviewed,us,us
158,2017-02-10T14:03:43.920Z,9.9071,125.4516,15,6.5,mww,,36,2.822,0.95,us,us20008ixa,2020-07-10T16:40:29.705Z,"10km N of Mabua, Philippines",earthquake,5.2,1.7,,,reviewed,us,us
159,2016-07-29T21:18:24.740Z,18.5429,145.5073,196,7.7,mww,,14,3.294,1.38,us,us100068jg,2018-10-17T21:49:51.838Z,"29km SW of Agrihan, Northern Mariana Islands",earthquake,7.5,1.8,,,reviewed,us,us
160,2016-04-20T08:35:10.620Z,0.7079,-80.0352,10,6,mwb,,78,1.651,1.43,us,us20005kb6,2020-07-10T16:28:21.312Z,"11km N of Muisne, Ecuador",earthquake,6.9,1.8,0.042,54,reviewed,us,us
161,2016-09-10T10:08:20.020Z,-5.573,-76.9536,121,6.1,mww,,35,2.111,0.85,us,us10006nkg,2020-07-10T15:08:02.845Z,"52km N of Moyobamba, Peru",earthquake,5.8,1.8,,,reviewed,us,us
162,2017-11-07T21:26:38.480Z,-4.2433,143.4846,110.57,6.5,mww,,10,4.449,0.97,us,us2000bk15,2020-07-10T16:54:29.245Z,"67km WSW of Angoram, Papua New Guinea",earthquake,7.2,3.3,0.044,50,reviewed,us,us
163,2017-03-19T15:43:25.690Z,-8.1364,160.7536,8.37,6,mww,,32,1.519,0.92,us,us20008t6m,2020-07-10T16:41:48.592Z,"70km N of Auki, Solomon Islands",earthquake,7.9,3.3,0.068,21,reviewed,us,us
164,2016-12-10T16:24:34.970Z,-5.6593,154.4734,142.58,6,mww,,13,2.724,0.8,us,us20007ztn,2020-07-10T16:37:30.081Z,"132km WNW of Arawa, Papua New Guinea",earthquake,8.6,3.9,,,reviewed,us,us
165,2016-12-20T12:33:14.240Z,-10.1785,160.9149,10,6,mww,,14,1.204,0.88,us,us200082tk,2020-07-10T16:39:41.163Z,"114km WNW of Kirakira, Solomon Islands",earthquake,5.7,1.6,,,reviewed,us,us
166,2017-12-15T16:47:58.230Z,-7.4921,108.1743,90,6.5,mww,,28,2.365,1.07,us,us2000c4v8,2020-07-10T16:59:14.717Z,"1km E of Kampungbaru, Indonesia",earthquake,8,1.8,0.058,29,reviewed,us,us
167,2019-04-12T14:51:31.603Z,-6.4883,148.7394,30,6,mww,,17,3.293,0.97,us,us700034zz,2019-06-20T19:03:25.040Z,"94km WSW of Kandrian, Papua New Guinea",earthquake,6.5,1.6,0.073,18,reviewed,us,us
168,2019-07-11T17:08:37.977Z,-4.6408,155.2241,495.17,6,mww,,26,3.084,0.7,us,us70004icj,2019-09-28T20:01:12.040Z,"177km N of Arawa, Papua New Guinea",earthquake,2.7,3.6,0.045,48,reviewed,us,us
169,2019-01-26T03:51:37.870Z,-7.0089,156.3207,355,6.2,mww,,13,4.326,1.21,us,us2000j92w,2019-04-12T17:15:14.040Z,"48km SW of Chirovanga, Solomon Islands",earthquake,8.3,1.9,0.048,41,reviewed,us,us
170,2018-08-28T22:35:13.410Z,16.8044,146.8395,55,6.4,mww,,15,1.854,0.94,us,us1000gj78,2018-11-07T18:37:03.040Z,"134km ENE of Anatahan, Northern Mariana Islands",earthquake,7.8,1.9,0.05,39,reviewed,us,us
171,2018-07-19T18:30:32.710Z,-6.1139,148.7302,29.62,6,mww,,16,3.62,0.75,us,usd00090uc,2020-07-10T19:22:16.619Z,"91km W of Kandrian, Papua New Guinea",earthquake,8.2,2.7,0.05,39,reviewed,us,us
172,2016-07-25T19:38:45.560Z,-2.969,148.0345,14,6.4,mww,,12,1.136,0.73,us,us20006hkb,2016-11-10T22:17:34.896Z,"134km SE of Lorengau, Papua New Guinea",earthquake,6.8,1.7,,,reviewed,us,us
173,2018-10-01T23:59:42.740Z,-10.5585,120.2424,29,6,mww,,19,2.742,1.32,us,us1000h5eg,2020-07-10T15:57:14.369Z,"40km S of Nggongi, Indonesia",earthquake,5.3,1.9,0.047,44,reviewed,us,us
174,2019-02-17T14:35:55.840Z,-3.3412,152.1319,368.12,6.4,mww,,23,0.845,1.39,us,us2000jj68,2019-05-01T22:00:58.040Z,"49km NW of Namatanai, Papua New Guinea",earthquake,8.8,3.3,0.04,60,reviewed,us,us
175,2016-11-24T18:43:47.710Z,11.9097,-88.8968,10,6.9,mww,,20,1.796,1.02,us,us10007c4w,2017-02-15T23:21:39.040Z,"156km SSW of Puerto El Triunfo, El Salvador",earthquake,5.6,1.6,,,reviewed,us,us
176,2017-04-28T20:23:17.260Z,5.5043,125.0658,26,6.9,mww,,14,1.636,0.99,us,us10008ls4,2020-07-10T15:28:40.044Z,"31km SW of Burias, Philippines",earthquake,6.6,1.8,0.044,49,reviewed,us,us
177,2019-03-30T11:20:42.559Z,-5.7003,151.1053,41,6.2,mww,,25,1.832,0.87,us,us2000k7ks,2020-07-10T17:26:58.353Z,"107km E of Kimbe, Papua New Guinea",earthquake,7.4,1.9,0.052,35,reviewed,us,us
178,2016-05-18T16:46:43.860Z,0.4947,-79.616,29.95,6.9,mww,,17,1.192,1.09,us,us10005i9n,2020-07-10T15:03:14.252Z,"24km NW of Rosa Zarate, Ecuador",earthquake,6.6,3,,,reviewed,us,us
179,2017-02-18T12:10:17.970Z,-23.8613,-66.6592,222,6.4,mww,,28,2.415,1.23,us,us20008kn8,2017-05-13T01:03:24.040Z,"52km NW of San Antonio de los Cobres, Argentina",earthquake,6.9,1.8,0.04,60,reviewed,us,us
180,2019-12-15T06:11:51.155Z,6.6969,125.1739,18,6.8,mww,,39,0.546,1.05,us,us60006rp9,2020-07-10T17:37:50.065Z,"7km S of Magsaysay, Philippines",earthquake,8,1.7,0.051,37,reviewed,us,us
181,2018-08-24T09:04:08.250Z,-11.0355,-70.8284,630,7.1,mww,,12,3.77,0.99,us,us1000ggj4,2018-11-01T17:50:57.040Z,"140km WNW of Iberia, Peru",earthquake,9.1,1.9,0.055,32,reviewed,us,us
182,2018-08-05T11:46:38.630Z,-8.2581,116.4375,34,6.9,mww,,15,2.271,1.05,us,us1000g3ub,2020-07-10T15:50:53.332Z,"0km SW of Loloan, Indonesia",earthquake,6.2,1.7,0.034,83,reviewed,us,us
183,2018-03-06T14:13:07.650Z,-6.3043,142.6116,20.49,6.7,mww,,19,5.457,0.97,us,us2000dcx1,2020-07-10T17:08:43.525Z,"113km SW of Porgera, Papua New Guinea",earthquake,5.3,2.7,0.038,68,reviewed,us,us
184,2019-07-15T08:21:34.171Z,-5.9707,149.4881,42,6.3,mww,,20,3.198,0.88,us,us70004kfs,2020-07-10T17:45:36.711Z,"28km NNW of Kandrian, Papua New Guinea",earthquake,8.2,1.9,0.038,67,reviewed,us,us
185,2019-09-29T02:02:51.883Z,5.6756,126.5481,73,6.2,mww,,16,1.686,1.33,us,us70005nbb,2019-12-20T19:03:35.040Z,"86km SSE of Pondaguitan, Philippines",earthquake,7.2,1.8,0.036,73,reviewed,us,us
186,2018-11-01T22:19:51.690Z,-19.5827,-69.2656,102,6.2,mww,,17,0.108,1.15,us,us2000i5mj,2020-07-10T17:18:31.590Z,"115km NE of Iquique, Chile",earthquake,5.4,1.8,0.048,41,reviewed,us,us
187,2018-03-29T21:25:36.790Z,-5.5321,151.4999,35,6.9,mww,,18,1.487,1.02,us,us1000db40,2020-07-10T15:43:34.439Z,"150km E of Kimbe, Papua New Guinea",earthquake,6.6,1.8,0.057,30,reviewed,us,us
188,2019-05-12T19:24:50.373Z,8.625,-82.8298,19,6,mww,,53,0.218,1.09,us,us70003k3p,2020-07-10T17:40:42.885Z,"10km N of Canoas, Costa Rica",earthquake,5,1.7,0.036,75,reviewed,us,us
189,2019-05-14T12:58:25.939Z,-4.051,152.5967,10,7.6,mww,,16,0.453,1,us,us70003kyy,2020-07-07T22:53:37.609Z,"46km SSE of Namatanai, Papua New Guinea",earthquake,3.8,1.6,0.046,45,reviewed,us,us
190,2019-04-12T11:40:49.363Z,-1.8146,122.5798,15.46,6.8,mww,,28,0.791,1.16,us,us700034xq,2020-07-10T17:38:26.662Z,"98km SSW of Luwuk, Indonesia",earthquake,2,2.8,0.056,31,reviewed,us,us
191,2019-03-24T04:37:35.918Z,1.6601,126.3955,45,6.1,mww,,30,1.312,1.38,us,us1000jkwi,2019-06-06T18:54:22.040Z,"137km E of Bitung, Indonesia",earthquake,5.8,1.9,0.043,53,reviewed,us,us
192,2019-01-17T15:06:35.650Z,-3.2307,146.3889,10,6.2,mww,,40,1.531,1.01,us,us2000j545,2019-04-05T21:40:59.040Z,"165km SW of Lorengau, Papua New Guinea",earthquake,6.2,1.7,0.047,43,reviewed,us,us
193,2017-07-18T02:05:19.750Z,-16.4161,-73.6357,43.68,6.4,mww,,49,3.697,0.7,us,us20009x7r,2020-07-10T16:45:45.210Z,"101km WNW of Camana, Peru",earthquake,7.2,3.8,0.066,22,reviewed,us,us
194,2019-11-14T21:12:54.753Z,1.5361,126.4161,23,6,mww,,18,1.216,1.42,us,us60006bpw,2020-02-07T20:21:07.040Z,"134km NW of Kota Ternate, Indonesia",earthquake,6.6,1.7,0.061,26,reviewed,us,us
195,2018-08-19T04:10:22.640Z,-8.3366,116.5993,16,6.3,mww,,14,2.424,1.11,us,us1000gcvr,2020-07-10T15:52:36.212Z,"4km SW of Belanting, Indonesia",earthquake,6.2,1.7,0.11,8,reviewed,us,us
196,2018-12-01T13:27:21.080Z,-7.3841,128.7065,136,6.4,mww,,20,2.637,0.93,us,us1000hzjp,2019-06-17T12:06:37.199Z,"294km WNW of Saumlaki, Indonesia",earthquake,7.2,1.9,0.043,52,reviewed,us,us
197,2016-08-23T19:39:44.580Z,-7.2872,122.4345,533,6,mww,,10,1.353,1.17,us,us10006g2n,2016-11-19T04:58:36.040Z,"132km N of Nebe, Indonesia",earthquake,5.5,3.4,,,reviewed,us,us
198,2019-10-29T01:04:43.879Z,6.7567,125.0082,15,6.6,mww,,24,0.646,0.78,us,us6000645n,2020-07-10T17:35:28.354Z,"10km NE of Columbio, Philippines",earthquake,5.7,1.8,0.043,52,reviewed,us,us
199,2016-08-04T14:15:12.930Z,-22.3343,-66.0078,270,6.2,mww,,20,2.097,1.03,us,us10006a1d,2016-11-10T22:17:48.645Z,"49km WSW of La Quiaca, Argentina",earthquake,7.5,1.9,,,reviewed,us,us
200,2017-12-09T15:14:24.770Z,10.0928,140.2016,10,6.1,mww,,37,5.739,1.19,us,us2000c2du,2018-02-28T02:32:34.040Z,"50km NW of Fais, Micronesia",earthquake,8.5,1.8,0.042,55,reviewed,us,us
201,2019-11-20T04:27:05.252Z,13.8859,-93.2068,15,6.3,mww,,56,1.365,0.79,us,us70006a6q,2020-02-14T22:02:05.040Z,"125km SW of Puerto Madero, Mexico",earthquake,4.4,1.5,0.032,96,reviewed,us,us
202,2017-06-30T22:29:45.140Z,-0.2849,-80.4927,13,6,mww,,27,1.953,0.84,us,us100095nr,2020-07-10T15:34:13.220Z,"35km NNW of Bahia de Caraquez, Ecuador",earthquake,5.5,1.7,0.048,42,reviewed,us,us
203,2016-04-15T14:11:26.430Z,13.4008,-92.367,22.41,6.1,mww,,63,1.293,1.39,us,us20005ih9,2016-11-10T22:15:20.545Z,"110km SSW of Champerico, Guatemala",earthquake,5.3,3,,,reviewed,us,us
204,2016-12-05T01:13:04.880Z,-7.3158,123.3802,526,6.3,mww,,14,1.732,1.03,us,us10007ev8,2017-03-03T07:06:02.040Z,"147km NNE of Palue, Indonesia",earthquake,5.6,1.9,,,reviewed,us,us
205,2018-12-29T03:39:09.740Z,5.8983,126.9209,60.21,7,mww,,21,1.769,1.45,us,us2000iyta,2020-07-10T17:21:29.540Z,"96km ESE of Pondaguitan, Philippines",earthquake,6.1,3.2,0.038,67,reviewed,us,us
206,2016-02-10T00:33:05.340Z,-30.5723,-71.5838,29,6.3,mww,,45,0.11,0.81,us,us20004z5b,2020-07-10T16:23:11.755Z,"36km W of Ovalle, Chile",earthquake,4.5,1.8,,,reviewed,us,us
207,2019-09-29T15:57:53.236Z,-35.4758,-73.163,11,6.7,mww,,98,1.269,0.65,us,us70005nie,2020-07-10T17:49:14.450Z,"69km WSW of Constitucion, Chile",earthquake,3,1.8,0.04,61,reviewed,us,us
208,2017-09-04T08:07:34.500Z,-57.7387,-25.6131,25,6.1,mww,,21,7.009,0.86,us,us2000afh9,2017-12-07T20:00:09.040Z,"150km SE of Visokoi Island, South Georgia and the South Sandwich Islands",earthquake,8.2,1.7,0.066,22,reviewed,us,us
209,2018-03-26T09:51:00.430Z,-5.5024,151.4025,40,6.7,mww,,15,1.507,1.18,us,us1000d937,2020-07-10T15:43:08.177Z,"139km E of Kimbe, Papua New Guinea",earthquake,6.5,0.8,0.049,40,reviewed,us,us
210,2017-09-19T18:14:38.090Z,18.5499,-98.4887,48,7.1,mww,,23,0.984,1.14,us,us2000ar20,2020-08-15T01:29:56.597Z,"1km E of Ayutla, Mexico",earthquake,4.5,1.8,0.048,41,reviewed,us,us
211,2018-03-24T11:23:32.050Z,-5.4959,151.4971,33,6.3,mww,,19,5.361,0.95,us,us1000d8k9,2020-07-10T15:42:56.208Z,"150km E of Kimbe, Papua New Guinea",earthquake,7.1,1.3,0.048,42,reviewed,us,us
212,2019-06-26T05:23:51.514Z,8.4612,-82.754,32.58,6.2,mww,,42,0.337,1.12,us,us7000455l,2020-07-10T17:43:03.207Z,"5km ESE of Aserrio de Gariche, Panama",earthquake,6.1,4,0.031,100,reviewed,us,us
213,2018-04-15T19:30:43.200Z,1.4083,126.8759,34,6,mww,,29,0.8,1.35,us,us2000e0mq,2018-07-07T02:25:24.040Z,"88km NW of Kota Ternate, Indonesia",earthquake,6,1.7,0.057,30,reviewed,us,us
214,2016-11-01T19:03:30.100Z,-6.1039,148.6588,51.99,6,mww,,17,3.6,0.82,us,us100073jd,2020-07-10T15:12:23.952Z,"99km W of Kandrian, Papua New Guinea",earthquake,6.7,4.1,,,reviewed,us,us
215,2018-01-26T22:47:57.760Z,-3.5138,145.8477,10,6.3,mww,,18,2.105,0.7,us,us2000cq5t,2018-04-20T07:05:27.040Z,"189km N of Madang, Papua New Guinea",earthquake,6.8,1.7,0.065,23,reviewed,us,us
216,2018-12-11T02:26:29.420Z,-58.5446,-26.3856,133,7.1,mww,,20,7.043,0.92,us,us2000isc8,2019-02-16T22:29:03.040Z,"54km N of Bristol Island, South Sandwich Islands",earthquake,9.8,1.9,0.029,113,reviewed,us,us
217,2018-08-14T03:29:52.100Z,-58.1339,-25.2725,25,6.1,mww,,19,7.346,0.77,us,us1000g8kf,2018-10-27T16:22:02.040Z,"123km NE of Bristol Island, South Sandwich Islands",earthquake,8.6,1.7,0.056,31,reviewed,us,us
218,2018-07-28T17:07:23.380Z,-7.1039,122.7263,578.16,6,mww,,19,1.597,1.31,us,us2000gg76,2018-10-09T16:43:20.040Z,"150km N of Palue, Indonesia",earthquake,7.7,2.7,0.039,63,reviewed,us,us
219,2018-07-28T22:47:38.740Z,-8.2395,116.508,14,6.4,mww,,14,2.342,1.15,us,us2000ggbs,2020-07-10T17:13:51.872Z,"5km WNW of Obelobel, Indonesia",earthquake,3.6,1.6,0.054,33,reviewed,us,us
220,2017-07-06T08:03:57.550Z,11.1269,124.6286,9,6.5,mww,,30,4.139,0.65,us,us1000976a,2020-07-10T15:34:48.392Z,"2km S of Lim-oo, Philippines",earthquake,6.9,1.8,0.047,44,reviewed,us,us
221,2018-03-24T19:58:33.380Z,-45.7783,96.0692,10,6,mww,,29,17.781,0.75,us,us1000d8ny,2018-06-19T01:35:51.040Z,Southeast Indian Ridge,earthquake,10.1,1.7,0.054,33,reviewed,us,us
222,2018-02-16T23:39:39.280Z,16.3855,-97.9787,22,7.2,mww,,82,0.142,1.23,us,us2000d3km,2020-07-10T17:03:28.280Z,"3km S of San Pedro Jicayan, Mexico",earthquake,4.3,1.8,0.062,25,reviewed,us,us
223,2019-03-31T07:04:04.795Z,-1.9446,-80.8101,18,6.2,mww,,36,1.635,0.83,us,us2000k7vu,2020-07-10T17:27:10.016Z,"32km N of Santa Elena, Ecuador",earthquake,6.8,1.8,0.034,81,reviewed,us,us
224,2016-02-08T16:19:12.780Z,-6.6207,154.7421,29,6.4,mww,,11,5.865,0.63,us,us20004yr0,2020-07-10T16:22:57.487Z,"88km WSW of Panguna, Papua New Guinea",earthquake,7.7,1.7,,,reviewed,us,us
225,2017-10-10T06:32:21.170Z,-18.5715,-69.7526,85,6.3,mww,,23,0.33,1.39,us,us2000b3dm,2020-07-10T16:54:15.776Z,"46km SSW of Putre, Chile",earthquake,6,1.8,0.054,33,reviewed,us,us
226,2017-12-08T09:51:08.050Z,10.0116,140.1871,8,6.3,mww,,42,5.8,0.68,us,us2000c1zn,2018-02-28T02:32:33.040Z,"45km NW of Fais, Micronesia",earthquake,6.3,1.8,0.065,23,reviewed,us,us
227,2019-02-12T12:34:16.500Z,19.02,145.7965,144.32,6,mww,,21,3.758,0.84,us,us2000jgma,2020-02-12T12:44:31.767Z,"31km NNE of Agrihan, Northern Mariana Islands",earthquake,4.8,4.2,0.046,46,reviewed,us,us
228,2019-01-22T05:10:03.480Z,-10.4148,119.0165,24,6.3,mww,,32,3.635,1.33,us,us2000j73a,2019-04-12T17:13:49.040Z,"80km S of Kahale, Indonesia",earthquake,5.4,1.8,0.046,46,reviewed,us,us
229,2017-12-08T00:22:54.200Z,10.1164,140.2197,12.79,6.4,mww,,13,5.711,0.76,us,us2000c1wt,2018-02-28T02:32:32.040Z,"50km NW of Fais, Micronesia",earthquake,2.1,2.8,0.041,58,reviewed,us,us
230,2018-08-19T14:56:27.490Z,-8.319,116.6272,21,6.9,mww,,31,2.453,0.88,us,us1000gda5,2020-07-10T15:52:52.632Z,"1km S of Belanting, Indonesia",earthquake,6.4,1.8,0.057,30,reviewed,us,us
231,2016-04-25T07:07:08.600Z,14.479,-93.1509,16,6,mww,,67,0.957,1.37,us,us20005li9,2016-11-10T22:15:32.487Z,"83km WSW of Puerto Madero, Mexico",earthquake,3.5,1.7,,,reviewed,us,us
232,2016-12-09T19:10:06.840Z,-10.749,161.1316,19.73,6.9,mww,,26,1.747,0.88,us,us20007zlq,2020-07-10T16:36:47.585Z,"92km WSW of Kirakira, Solomon Islands",earthquake,7,2.6,,,reviewed,us,us
233,2016-01-11T16:38:05.900Z,3.8965,126.8621,13,6.5,mww,,22,3.144,0.72,us,us10004dj5,2020-07-10T14:57:54.746Z,"227km SE of Sarangani, Philippines",earthquake,4.2,1.5,,,reviewed,us,us
234,2017-06-14T07:29:04.390Z,14.9091,-92.0092,93,6.9,mww,,35,0.247,1.42,us,us20009mbt,2020-07-10T16:44:15.904Z,"2km SSW of San Pablo, Guatemala",earthquake,2.8,2.2,0.026,146,reviewed,us,us
235,2019-01-21T23:59:23.860Z,-10.3278,119.1521,26,6,mww,,41,3.477,1.18,us,us2000j70q,2019-04-05T21:41:02.040Z,"66km SSW of Bogorawatu, Indonesia",earthquake,6.2,1.8,0.039,64,reviewed,us,us
236,2017-04-15T08:19:43.390Z,-23.2653,-67.7225,155,6.3,mww,,24,1.273,1.14,us,us10008hu2,2020-07-10T15:27:15.046Z,"63km SE of San Pedro de Atacama, Chile",earthquake,6.5,1.9,0.035,78,reviewed,us,us
237,2018-04-10T10:19:34.370Z,-31.0258,-71.5292,66,6.2,mww,,19,0.362,1,us,us2000dxfc,2020-07-10T17:11:13.979Z,"56km SSW of Ovalle, Chile",earthquake,4.8,1.8,0.044,50,reviewed,us,us
238,2019-01-06T17:27:18.980Z,2.258,126.758,43.21,6.6,mww,,33,1.596,0.87,us,us2000j0uj,2019-03-08T17:50:17.040Z,"151km WNW of Tobelo, Indonesia",earthquake,6.7,3.6,0.038,68,reviewed,us,us
239,2017-01-19T23:04:21.150Z,-10.3506,161.3355,36,6.5,mww,,21,1.64,0.85,us,us10007u7n,2020-07-10T15:22:15.858Z,"65km W of Kirakira, Solomon Islands",earthquake,6.6,1.8,,,reviewed,us,us
240,2017-07-13T03:36:08.640Z,-4.7787,153.2109,34,6.4,mww,,15,6.435,0.81,us,us20009vvi,2020-07-10T16:45:17.339Z,"39km SSE of Taron, Papua New Guinea",earthquake,7.6,1.5,0.073,18,reviewed,us,us
241,2019-03-08T15:06:12.620Z,10.384,126.006,30,6,mww,,102,3.32,0.92,us,us1000jccx,2019-05-24T21:21:17.040Z,"40km N of Santa Monica, Philippines",earthquake,8.5,1.7,0.043,51,reviewed,us,us
242,2017-05-29T14:35:21.510Z,-1.2923,120.4313,12,6.6,mww,,18,2.353,0.9,us,us10008w1z,2020-07-10T15:33:12.025Z,"28km WNW of Kasiguncu, Indonesia",earthquake,5.6,1.7,0.045,47,reviewed,us,us
243,2016-12-25T14:22:27.010Z,-43.4064,-73.9413,38,7.6,mww,,29,0.355,0.79,us,us10007mn3,2020-07-10T15:18:09.916Z,"41km SW of Puerto Quellon, Chile",earthquake,5.4,1.9,,,reviewed,us,us
244,2018-08-28T07:08:11.360Z,-10.773,124.1871,14,6.2,mww,,74,1.014,1.4,us,us1000gii0,2020-07-10T15:54:59.459Z,"94km SE of Kupang, Indonesia",earthquake,8.9,1.8,0.053,34,reviewed,us,us
245,2018-02-26T15:18:00.280Z,-6.5052,143.255,19,6.3,mww,,19,4.822,0.88,us,us2000d867,2020-07-10T17:06:26.679Z,"56km SW of Mendi, Papua New Guinea",earthquake,6.6,1.7,0.059,28,reviewed,us,us
246,2016-04-06T14:45:29.620Z,-8.2036,107.3857,29,6.1,mww,,31,1.39,1.44,us,us20005fv5,2020-07-10T16:25:28.594Z,"71km SSW of Bunisari, Indonesia",earthquake,5.3,1.7,,,reviewed,us,us
247,2016-06-10T04:17:44.840Z,-8.6757,160.559,30.4,6.2,mww,,13,0.969,1.02,us,us200063dk,2020-07-10T16:30:33.253Z,"18km WNW of Auki, Solomon Islands",earthquake,6.7,3.4,,,reviewed,us,us
248,2018-09-08T07:16:49.620Z,7.2377,126.4779,10,6.2,mww,,30,0.907,0.92,us,us2000haxi,2020-07-10T17:16:56.948Z,"7km WNW of Manay, Philippines",earthquake,6.1,1.8,0.043,52,reviewed,us,us
