time,latitude,longitude,depth,mag,magType,nst,gap,dmin,rms,net,id,updated,place,type,horizontalError,depthError,magError,magNst,status,locationSource,magSource
2016-01-01T02:00:39.950Z,-50.5575,139.4489,10,6.3,mww,,19,9.361,0.88,us,us10004ant,2016-11-10T22:06:45.862Z,"Western Indian-Antarctic Ridge",earthquake,6.9,1.6,,,reviewed,us,us
2016-01-03T23:05:22.270Z,24.8036,93.6505,55,6.7,mww,,16,1.794,1.01,us,us10004b2n,2020-07-10T14:57:13.847Z,"30km W of Imphal, India",earthquake,4.5,1.8,,,reviewed,us,us
2016-01-05T09:34:14.620Z,-54.2906,-136.2603,10,6,mww,,71,30.75,0.67,us,us10004bgk,2016-11-10T22:07:11.921Z,"Pacific-Antarctic Ridge",earthquake,12.8,1.8,,,reviewed,us,us
2016-01-11T16:38:05.900Z,3.8965,126.8621,13,6.5,mww,,22,3.144,0.72,us,us10004dj5,2020-07-10T14:57:54.746Z,"227km SE of Sarangani, Philippines",earthquake,4.2,1.5,,,reviewed,us,us
2016-01-11T17:08:03.920Z,44.4761,141.0867,238.81,6.2,mww,,33,1.139,0.96,us,us10004djn,2020-07-10T14:58:07.726Z,"74km NW of Rumoi, Japan",earthquake,6.9,4.1,,,reviewed,us,us
2016-01-14T03:25:28.270Z,-19.7597,-63.3288,582.56,6.1,mww,,16,5.492,1.04,us,us10004ebw,2016-11-10T22:08:17.357Z,"12km WNW of Charagua, Bolivia",earthquake,7.9,4.6,,,reviewed,us,us
2016-01-14T03:25:33.640Z,41.9723,142.781,46,6.7,mww,,22,0.281,0.98,us,us10004ebx,2020-07-07T22:45:34.603Z,"52km SE of Shizunai, Japan",earthquake,6.2,1.9,,,reviewed,us,us
2016-01-21T18:06:57.650Z,18.8239,-106.9337,10,6.6,mww,,74,2.413,0.98,us,us10004g4l,2016-11-10T22:09:24.127Z,"215km SW of Tomatlan, Mexico",earthquake,6.7,1.7,,,reviewed,us,us
2016-01-24T10:30:29.557Z,59.6204,-153.3392,125.6,7.1,mw,,,,1.05,ak,ak01613v15nv,2020-07-07T22:45:53.847Z,"86km E of Old Iliamna, Alaska",earthquake,,0.4,,,reviewed,ak,ak
2016-01-25T04:22:02.730Z,35.6493,-3.6818,12,6.3,mww,,20,2.201,0.92,us,us10004gy9,2020-07-10T14:59:40.266Z,"50km NNE of Al Hoceima, Morocco",earthquake,5.9,1.7,,,reviewed,us,us
2016-01-26T03:10:20.750Z,-5.2952,153.2454,26,6.1,mww,,25,1.537,0.74,us,us20004uks,2016-11-10T22:10:03.221Z,"94km SSE of Taron, Papua New Guinea",earthquake,6.2,1.8,,,reviewed,us,us
2016-01-30T03:25:12.220Z,53.9776,158.5463,177,7.2,mww,,17,0.958,1.19,us,us20004vvx,2020-07-07T22:49:26.283Z,"88km N of Yelizovo, Russia",earthquake,5.8,1.8,,,reviewed,us,us
2016-01-31T17:38:59.950Z,-63.263,169.1485,10,6.1,mww,,75,14.512,0.62,us,us20004w6c,2016-11-10T22:10:48.238Z,"Balleny Islands region",earthquake,11.2,1.8,,,reviewed,us,us
2016-02-01T19:00:46.280Z,-30.7539,-179.9504,391,6.2,mww,,14,2.31,1.03,us,us20004wck,2016-11-10T22:10:53.742Z,"125km NW of L'Esperance Rock, New Zealand",earthquake,8.7,1.8,,,reviewed,us,us
2016-02-05T19:57:27.380Z,22.9375,120.6014,23,6.4,mww,,14,0.362,1.19,us,us20004y6h,2020-08-15T04:11:16.409Z,"25km SE of Yujing, Taiwan",earthquake,4.2,1.7,,,reviewed,us,us
2016-02-08T16:19:12.780Z,-6.6207,154.7421,29,6.4,mww,,11,5.865,0.63,us,us20004yr0,2020-07-10T16:22:57.487Z,"88km WSW of Panguna, Papua New Guinea",earthquake,7.7,1.7,,,reviewed,us,us
2016-02-10T00:33:05.340Z,-30.5723,-71.5838,29,6.3,mww,,45,0.11,0.81,us,us20004z5b,2020-07-10T16:23:11.755Z,"36km W of Ovalle, Chile",earthquake,4.5,1.8,,,reviewed,us,us
2016-02-12T10:02:24.050Z,-9.6338,119.4013,28,6.3,mww,,39,2.971,1.14,us,us20004zp9,2020-07-10T16:23:22.877Z,"0km W of Komerda, Indonesia",earthquake,6.4,1.7,,,reviewed,us,us
2016-02-15T15:02:32.890Z,-20.9981,-175.4788,10,6,mww,,47,5.558,0.65,us,us200050a6,2017-10-11T21:22:44.854Z,"32km WNW of Nuku`alofa, Tonga",earthquake,8.9,1.8,,,reviewed,us,us
2016-02-16T23:48:35.680Z,-55.7841,-125.1659,13,6.1,mww,,71,30.841,1.19,us,us200050pj,2016-11-10T22:12:42.811Z,"Southern East Pacific Rise",earthquake,12,1.8,,,reviewed,us,us
2016-02-17T17:26:02.210Z,0.8597,129.0605,9,6,mww,,22,1.695,1,us,us200050wc,2016-11-10T22:12:48.774Z,"151km SE of Tobelo, Indonesia",earthquake,6,1.7,,,reviewed,us,us
2016-02-22T06:36:59.400Z,-30.4242,-72.2967,12,6,mww,,39,0.622,1.37,us,us10004rn7,2016-11-10T22:13:35.520Z,"105km WSW of Coquimbo, Chile",earthquake,4.7,1.7,,,reviewed,us,us
2016-02-27T21:29:43.570Z,-51.7897,139.5956,10,6.1,mww,,44,10.307,0.61,us,us10004t7g,2016-11-10T22:14:02.480Z,"Western Indian-Antarctic Ridge",earthquake,8.8,1.7,,,reviewed,us,us
2016-03-02T12:49:48.110Z,-4.9521,94.3299,24,7.8,mww,,20,7.009,1.14,us,us10004u1y,2018-12-04T22:30:13.007Z,"Southwest of Sumatra, Indonesia",earthquake,7.5,1.8,,,reviewed,us,us
2016-03-12T18:06:44.760Z,51.5648,-173.9423,19,6.3,mww,,20,0.657,0.87,us,us10004x1w,2019-05-21T07:00:55.864Z,"72km SSE of Atka, Alaska",earthquake,3.9,1.5,,,reviewed,us,us
2016-03-19T01:35:12.170Z,51.5145,-174.1423,17,6,mww,,25,0.689,0.83,us,us20005axu,2019-05-21T07:05:24.112Z,"75km S of Atka, Alaska",earthquake,5.5,1.7,,,reviewed,us,us
2016-03-19T11:26:33.230Z,17.996,-60.7019,26,6,mww,,27,1.082,1.16,us,us20005azy,2016-11-10T22:14:41.786Z,"124km ENE of Codrington, Barbuda",earthquake,6.4,1.7,,,reviewed,us,us
2016-03-20T22:50:20.430Z,54.294,162.8129,30,6.4,mww,,20,2.785,0.71,us,us20005bbh,2016-11-10T22:14:42.935Z,"216km S of Ust'-Kamchatsk Staryy, Russia",earthquake,4.5,1.8,,,reviewed,us,us
2016-04-01T19:24:55.370Z,-3.3585,144.887,6,6.2,mww,,37,2.8,1.42,us,us20005e01,2020-07-10T16:24:59.178Z,"119km NE of Angoram, Papua New Guinea",earthquake,6.5,1.8,,,reviewed,us,us
2016-04-02T05:50:00.932Z,57.008,-157.9322,11.4,6.2,mw,,,,0.9,ak,ak01649w95tp,2019-05-21T07:14:30.009Z,"98km NNE of Chignik Lake, Alaska",earthquake,,0.3,,,reviewed,ak,ak
2016-04-03T08:23:52.320Z,-14.3235,166.8551,26,6.9,mww,,25,1.166,1.09,us,us20005e8t,2017-10-11T21:23:16.268Z,"83km NNW of Port-Olry, Vanuatu",earthquake,6.4,1.7,,,reviewed,us,us
2016-04-06T06:58:48.210Z,-14.0683,166.6245,24,6.7,mww,,19,6.697,1.22,us,us20005fsi,2017-10-11T21:23:35.358Z,"102km WSW of Sola, Vanuatu",earthquake,7.6,1.8,,,reviewed,us,us
2016-04-06T14:45:29.620Z,-8.2036,107.3857,29,6.1,mww,,31,1.39,1.44,us,us20005fv5,2020-07-10T16:25:28.594Z,"71km SSW of Bunisari, Indonesia",earthquake,5.3,1.7,,,reviewed,us,us
2016-04-07T03:32:53.500Z,-13.9805,166.5943,27.59,6.7,mww,,25,6.787,0.76,us,us20005fzn,2017-10-11T21:23:46.285Z,"103km W of Sola, Vanuatu",earthquake,7.1,3.1,,,reviewed,us,us
2016-04-10T10:28:58.720Z,36.4725,71.1311,212,6.6,mww,,17,0.789,1.03,us,us20005gsg,2020-07-10T16:26:05.575Z,"42km WSW of Ashkasham, Afghanistan",earthquake,6.5,1.8,,,reviewed,us,us
2016-04-13T13:55:17.800Z,23.0944,94.8654,136,6.9,mww,,14,3.001,1.03,us,us20005hqz,2020-07-10T16:26:32.683Z,"75km SE of Mawlaik, Burma",earthquake,7.1,1.8,,,reviewed,us,us
2016-04-13T18:21:52.730Z,7.7917,122.0231,17,6,mww,,19,3.598,0.93,us,us20005hux,2020-07-10T16:26:49.145Z,"15km NW of Siocon, Philippines",earthquake,3.3,1.6,,,reviewed,us,us
2016-04-14T12:26:35.730Z,32.788,130.7042,9,6.2,mww,,18,0.366,1.14,us,us20005hzn,2020-07-07T22:49:59.388Z,"3km W of Kumamoto-shi, Japan",earthquake,4.6,1.7,,,reviewed,us,us
2016-04-14T15:03:47.240Z,32.6973,130.7204,8,6,mww,,32,0.446,0.86,us,us20005i1a,2020-07-07T22:50:21.390Z,"5km ENE of Uto, Japan",earthquake,3.9,1.7,,,reviewed,us,us
2016-04-14T21:50:27.680Z,-14.5284,166.4334,16,6.4,mww,,23,1.178,1.05,us,us20005i6p,2020-07-10T16:27:14.017Z,"87km NW of Port-Olry, Vanuatu",earthquake,6.4,1.6,,,reviewed,us,us
2016-04-15T14:11:26.430Z,13.4008,-92.367,22.41,6.1,mww,,63,1.293,1.39,us,us20005ih9,2016-11-10T22:15:20.545Z,"110km SSW of Champerico, Guatemala",earthquake,5.3,3,,,reviewed,us,us
2016-04-15T16:25:06.220Z,32.7906,130.7543,10,7,mww,,32,0.349,0.85,us,us20005iis,2020-08-15T00:36:34.387Z,"1km E of Kumamoto-shi, Japan",earthquake,4.9,1.7,,,reviewed,us,us
2016-04-16T23:58:36.980Z,0.3819,-79.9218,20.59,7.8,mww,,15,1.44,0.94,us,us20005j32,2020-08-15T05:15:07.767Z,"27km SSE of Muisne, Ecuador",earthquake,5.7,3.2,,,reviewed,us,us
2016-04-19T05:25:39.940Z,-55.7283,-27.2307,14,6.2,mww,,32,5.521,0.8,us,us20005jqc,2016-11-10T22:15:26.770Z,"108km N of Visokoi Island, South Georgia and the South Sandwich Islands",earthquake,9.3,1.7,,,reviewed,us,us
2016-04-20T08:33:47.330Z,0.639,-80.2104,14,6.2,mww,,48,1.804,0.83,us,us20005k37,2020-07-10T16:27:58.684Z,"20km WNW of Muisne, Ecuador",earthquake,5.1,1.3,,,reviewed,us,us
2016-04-20T08:35:10.620Z,0.7079,-80.0352,10,6,mwb,,78,1.651,1.43,us,us20005kb6,2020-07-10T16:28:21.312Z,"11km N of Muisne, Ecuador",earthquake,6.9,1.8,0.042,54,reviewed,us,us
2016-04-22T03:03:41.720Z,-0.2921,-80.5039,10,6,mww,,44,2.025,0.91,us,us20005kqh,2020-07-10T16:28:31.981Z,"35km NNW of Bahia de Caraquez, Ecuador",earthquake,5.8,1.7,,,reviewed,us,us
2016-04-25T07:07:08.600Z,14.479,-93.1509,16,6,mww,,67,0.957,1.37,us,us20005li9,2016-11-10T22:15:32.487Z,"83km WSW of Puerto Madero, Mexico",earthquake,3.5,1.7,,,reviewed,us,us
2016-04-27T12:51:19.440Z,14.5178,-93.0882,16,6,mww,,40,0.885,1.3,us,us10005bxb,2016-11-10T22:15:34.159Z,"75km WSW of Puerto Madero, Mexico",earthquake,4.9,1.7,,,reviewed,us,us
2016-04-28T19:33:24.070Z,-16.0429,167.3786,24,7,mww,,14,0.616,1.33,us,us10005c88,2020-07-07T22:46:19.355Z,"2km N of Norsup, Vanuatu",earthquake,2.9,1.7,,,reviewed,us,us
2016-04-29T01:33:38.910Z,10.2752,-103.7363,10,6.6,mww,,38,7.528,0.92,us,us10005cc4,2016-11-30T20:56:53.351Z,"Northern East Pacific Rise",earthquake,8.5,1.7,,,reviewed,us,us
2016-05-18T07:57:02.650Z,0.4261,-79.7899,16,6.7,mww,,21,1.352,1.13,us,us10005i5t,2020-07-10T15:02:56.750Z,"33km SE of Muisne, Ecuador",earthquake,6.5,1.7,,,reviewed,us,us
2016-05-18T16:46:43.860Z,0.4947,-79.616,29.95,6.9,mww,,17,1.192,1.09,us,us10005i9n,2020-07-10T15:03:14.252Z,"24km NW of Rosa Zarate, Ecuador",earthquake,6.6,3,,,reviewed,us,us
2016-05-20T18:14:04.670Z,-25.5655,129.8841,10,6,mww,,24,1.53,1.33,us,us10005iyk,2018-03-13T01:22:51.756Z,"Northern Territory, Australia",earthquake,2.2,1.7,,,reviewed,us,us
2016-05-27T04:08:43.950Z,-20.8101,-178.6481,567.48,6.4,mww,,16,4.359,0.86,us,us20005yd7,2016-11-10T22:15:55.660Z,"18km SSE of Ndoi Island, Fiji",earthquake,7.2,3.8,,,reviewed,us,us
2016-05-28T05:38:50.550Z,-21.9724,-178.2038,405.69,6.9,mww,,19,5.485,0.94,us,us20005yqp,2016-11-10T22:15:56.813Z,"155km SSE of Ndoi Island, Fiji",earthquake,8.9,3.4,,,reviewed,us,us
2016-05-28T09:46:59.780Z,-56.2409,-26.9353,78,7.2,mww,,24,5.803,0.89,us,us20005ysu,2018-10-17T21:49:39.934Z,"53km NNE of Visokoi Island, South Georgia and the South Sandwich Islands",earthquake,6.3,1.8,,,reviewed,us,us
2016-05-31T05:23:47.310Z,25.5615,122.5458,246.4,6.4,mww,,16,1.115,0.97,us,us20005zay,2016-11-13T12:55:03.742Z,"94km ENE of Keelung, Taiwan",earthquake,7.3,3.6,,,reviewed,us,us
2016-06-01T22:56:00.800Z,-2.0967,100.6654,50,6.6,mww,,16,2.435,0.87,us,us20005zt1,2020-07-10T16:29:15.772Z,"79km W of Sungaipenuh, Indonesia",earthquake,3.5,1.8,,,reviewed,us,us
2016-06-05T16:25:33.540Z,-4.587,125.6264,429.62,6.3,mww,,17,5.308,1.13,us,us2000626m,2016-11-10T22:16:11.202Z,"133km SW of Leksula, Indonesia",earthquake,8.7,3.7,,,reviewed,us,us
2016-06-06T02:35:32.390Z,-30.0235,-177.8359,43.83,6.1,mww,,33,0.78,1.06,us,us2000629f,2016-11-10T22:16:13.443Z,"84km S of Raoul Island, New Zealand",earthquake,7.7,4,,,reviewed,us,us
2016-06-07T10:51:37.720Z,18.3637,-105.1731,10,6.3,mww,,56,1.383,1,us,us200062i1,2016-11-10T22:16:16.892Z,"106km SSW of San Patricio, Mexico",earthquake,5.5,1.7,,,reviewed,us,us
2016-06-07T19:15:15.330Z,1.2789,126.3712,31,6.3,mww,,10,1.115,1.1,us,us200062l9,2020-07-10T16:29:50.036Z,"123km WNW of Kota Ternate, Indonesia",earthquake,5.3,1.8,,,reviewed,us,us
2016-06-09T04:13:08.130Z,-11.2487,116.2669,19,6.1,mww,,27,3.459,0.76,us,us200062zs,2016-11-10T22:16:21.322Z,"260km S of Kute, Indonesia",earthquake,6.6,1.7,,,reviewed,us,us
2016-06-10T03:25:22.920Z,12.8318,-86.9633,10,6.1,mww,,39,0.159,1.04,us,us200063cy,2020-07-10T16:30:13.154Z,"22km E of Puerto Morazan, Nicaragua",earthquake,5.3,1.7,,,reviewed,us,us
2016-06-10T04:17:44.840Z,-8.6757,160.559,30.4,6.2,mww,,13,0.969,1.02,us,us200063dk,2020-07-10T16:30:33.253Z,"18km WNW of Auki, Solomon Islands",earthquake,6.7,3.4,,,reviewed,us,us
2016-06-14T13:49:22.630Z,-18.7609,168.8279,111,6.2,mww,,17,2.807,0.72,us,us200064bb,2016-11-10T22:16:29.670Z,"98km NNW of Isangel, Vanuatu",earthquake,6.8,1.8,,,reviewed,us,us
2016-06-19T09:47:23.600Z,-20.2793,169.0737,13,6.3,mww,,64,13.92,1.05,us,us200065d1,2016-11-10T22:16:40.064Z,"83km SSW of Isangel, Vanuatu",earthquake,10.4,1.8,,,reviewed,us,us
2016-06-20T03:50:55.240Z,-20.2072,168.7595,15,6,mww,,20,1.439,1.24,us,us200065g0,2016-11-10T22:16:43.414Z,"90km SW of Isangel, Vanuatu",earthquake,7.8,1.7,,,reviewed,us,us
2016-06-21T16:26:34.420Z,22.6582,-45.1402,10,6.1,mww,,22,16.283,0.63,us,us200065s1,2016-11-10T22:16:44.503Z,"Northern Mid-Atlantic Ridge",earthquake,9.4,1.7,,,reviewed,us,us
2016-06-21T17:12:07.370Z,-3.4199,151.8796,354,6.3,mww,,12,0.816,1.08,us,us200065sc,2020-07-10T16:30:49.488Z,"67km WNW of Namatanai, Papua New Guinea",earthquake,7.6,1.7,,,reviewed,us,us
2016-06-26T11:17:11.280Z,39.4793,73.3388,13,6.4,mww,,36,1.187,1.13,us,us200066x9,2020-07-10T16:31:21.069Z,"28km SSE of Sary-Tash, Kyrgyzstan",earthquake,4.7,1.7,,,reviewed,us,us
2016-06-30T11:30:33.050Z,-16.0558,167.4701,27,6,mww,,22,4.701,1.37,us,us10005yp3,2017-10-11T21:30:31.769Z,"8km NE of Lakatoro, Vanuatu",earthquake,7.3,1.8,,,reviewed,us,us
2016-07-10T13:44:40.680Z,-15.083,-173.2011,8,6,mww,,35,1.806,0.74,us,us100062ea,2016-11-10T22:17:06.314Z,"112km NNE of Hihifo, Tonga",earthquake,9.1,1.8,,,reviewed,us,us
2016-07-11T02:11:04.800Z,0.5812,-79.638,21,6.3,mww,,37,1.235,1.01,us,us100062hg,2020-07-10T15:04:07.489Z,"33km NW of Rosa Zarate, Ecuador",earthquake,4.4,1.5,,,reviewed,us,us
2016-07-13T12:11:12.830Z,-28.0052,-176.443,12,6.3,mww,,40,1.797,1.01,us,us1000638m,2016-11-10T22:17:15.265Z,"199km NE of Raoul Island, New Zealand",earthquake,7.9,1.7,,,reviewed,us,us
2016-07-20T15:13:16.520Z,-18.9285,169.0547,167,6.1,mww,,18,2.509,0.98,us,us20006g6l,2016-11-10T22:17:24.543Z,"72km NNW of Isangel, Vanuatu",earthquake,7.2,1.8,,,reviewed,us,us
2016-07-25T17:26:50.210Z,-26.1067,-70.5111,72,6.1,mww,,25,0.088,0.68,us,us20006hi2,2020-07-10T16:32:41.314Z,"54km WNW of Diego de Almagro, Chile",earthquake,4.9,1.7,,,reviewed,us,us
2016-07-25T19:38:45.560Z,-2.969,148.0345,14,6.4,mww,,12,1.136,0.73,us,us20006hkb,2016-11-10T22:17:34.896Z,"134km SE of Lorengau, Papua New Guinea",earthquake,6.8,1.7,,,reviewed,us,us
2016-07-29T21:18:24.740Z,18.5429,145.5073,196,7.7,mww,,14,3.294,1.38,us,us100068jg,2018-10-17T21:49:51.838Z,"29km SW of Agrihan, Northern Mariana Islands",earthquake,7.5,1.8,,,reviewed,us,us
2016-08-04T14:15:12.930Z,-22.3343,-66.0078,270,6.2,mww,,20,2.097,1.03,us,us10006a1d,2016-11-10T22:17:48.645Z,"49km WSW of La Quiaca, Argentina",earthquake,7.5,1.9,,,reviewed,us,us
2016-08-04T16:24:33.530Z,24.9447,142.0141,510,6.3,mww,,13,2.147,0.77,us,us10006a2k,2016-11-10T22:17:49.745Z,"71km ENE of Iwo Jima, Japan",earthquake,8,1.9,,,reviewed,us,us
2016-08-12T01:26:36.280Z,-22.4765,173.1167,16.37,7.2,mww,,14,4.823,0.9,us,us10006d5h,2018-10-17T21:50:00.178Z,"110km E of Ile Hunter, New Caledonia",earthquake,6.7,2.6,,,reviewed,us,us
2016-08-12T03:29:32.710Z,-25.1758,-177.3433,112.85,6.1,mww,,20,4.086,0.86,us,us10006d6d,2016-11-15T02:21:45.040Z,"South of the Fiji Islands",earthquake,9.3,4.1,,,reviewed,us,us
2016-08-18T18:09:43.940Z,-55.9035,-123.2414,10,6,mww,,50,27.905,0.95,us,us10006esj,2016-11-15T02:21:53.040Z,"Southern East Pacific Rise",earthquake,7.7,1.7,,,reviewed,us,us
2016-08-19T07:32:22.710Z,-55.2852,-31.8766,10,7.4,mww,,18,2.852,0.79,us,us10006exl,2018-10-17T21:50:08.416Z,"South Georgia Island region",earthquake,8.4,1.7,,,reviewed,us,us
2016-08-20T09:01:26.210Z,40.3942,143.6796,10,6,mww,,36,1.666,0.59,us,us10006fdp,2016-11-19T04:58:32.040Z,"169km ENE of Miyako, Japan",earthquake,6.9,1.8,,,reviewed,us,us
2016-08-21T03:45:23.780Z,-55.3133,-31.7508,12,6.1,mww,,17,2.929,0.78,us,us10006fik,2016-11-19T04:58:33.040Z,"South Georgia Island region",earthquake,8.3,1.7,,,reviewed,us,us
2016-08-23T19:39:44.580Z,-7.2872,122.4345,533,6,mww,,10,1.353,1.17,us,us10006g2n,2016-11-19T04:58:36.040Z,"132km N of Nebe, Indonesia",earthquake,5.5,3.4,,,reviewed,us,us
2016-08-24T01:36:32.870Z,42.723,13.1877,4.44,6.2,mww,,25,0.123,0.68,us,us10006g7d,2020-08-15T00:30:34.197Z,"10km SE of Norcia, Italy",earthquake,4.4,2.8,,,reviewed,us,us
2016-08-24T10:34:54.580Z,20.9228,94.569,82,6.8,mww,,17,1.802,1.05,us,us10006gbf,2020-07-10T15:06:32.385Z,"26km W of Chauk, Burma",earthquake,5.9,1.9,,,reviewed,us,us
2016-08-29T04:29:57.860Z,-0.0456,-17.8255,10,7.1,mww,,24,8.561,0.87,us,us20006uy6,2018-10-17T21:50:17.343Z,"North of Ascension Island",earthquake,8.4,1.7,,,reviewed,us,us
2016-08-31T03:11:34.420Z,-3.6849,152.7915,476,6.8,mww,,12,0.803,0.63,us,us10006iy0,2020-07-10T15:07:06.515Z,"39km E of Namatanai, Papua New Guinea",earthquake,8.1,1.9,,,reviewed,us,us
2016-09-01T16:37:57.300Z,-37.3586,179.1461,19,7,mww,,21,0.698,0.88,us,us10006jbi,2018-10-17T21:50:25.788Z,"175km NE of Gisborne, New Zealand",earthquake,6.8,1.7,,,reviewed,us,us
2016-09-01T17:14:06.060Z,-37.0522,178.9291,13.73,6.1,mww,,56,0.711,0.86,us,us10006jd4,2016-11-29T01:28:50.040Z,"185km NE of Opotiki, New Zealand",earthquake,7.6,3.2,,,reviewed,us,us
2016-09-05T22:54:03.930Z,54.4153,168.5415,8,6.1,mww,,33,3.718,0.94,us,us10006kpq,2016-12-03T02:54:44.040Z,"185km ESE of Nikol'skoye, Russia",earthquake,6.5,1.8,,,reviewed,us,us
2016-09-08T21:46:20.100Z,-54.6136,158.7126,10,6.1,mww,,45,0.182,0.81,us,us10006n6r,2016-12-03T02:54:49.040Z,"21km SW of Macquarie Island, Australia",earthquake,7.3,1.6,,,reviewed,us,us
2016-09-10T10:08:20.020Z,-5.573,-76.9536,121,6.1,mww,,35,2.111,0.85,us,us10006nkg,2020-07-10T15:08:02.845Z,"52km N of Moyobamba, Peru",earthquake,5.8,1.8,,,reviewed,us,us
2016-09-14T01:58:31.570Z,7.3736,-76.1686,18,6,mww,,32,3.112,1.18,us,us10006pdp,2020-07-10T15:08:55.120Z,"32km ENE of Mutata, Colombia",earthquake,6.6,1.8,,,reviewed,us,us
2016-09-14T07:25:00.070Z,-9.329,159.1673,14,6,mww,,15,0.777,1.24,us,us10006pfn,2020-07-10T15:09:09.810Z,"86km W of Honiara, Solomon Islands",earthquake,6.5,1.7,,,reviewed,us,us
2016-09-17T01:20:17.940Z,-2.0829,140.5718,9,6,mww,,12,6.79,0.94,us,us10006qas,2016-12-12T23:01:26.040Z,"51km NNW of Jayapura, Indonesia",earthquake,7.3,1.7,,,reviewed,us,us
2016-09-20T16:21:16.550Z,30.5017,142.0478,9,6.1,mww,,19,3.225,0.49,us,us10006r42,2016-12-12T23:01:33.040Z,"Izu Islands, Japan region",earthquake,4.2,1.6,,,reviewed,us,us
2016-09-23T00:14:34.700Z,34.4619,141.6368,10,6.2,mww,,17,1.376,0.83,us,us10006rte,2016-12-28T13:07:31.388Z,"143km ESE of Katsuura, Japan",earthquake,6,1.7,,,reviewed,us,us
2016-09-23T22:53:10.400Z,6.5717,126.4918,65,6.3,mww,,13,1.032,0.93,us,us10006s4v,2020-07-10T15:10:13.436Z,"36km SE of Tamisan, Philippines",earthquake,2.3,1.8,,,reviewed,us,us
2016-09-24T21:07:15.790Z,-18.1706,-174.984,202,6.4,mww,,17,4.879,0.87,us,us10006scl,2016-12-14T03:17:47.040Z,"118km WNW of Neiafu, Tonga",earthquake,8.2,1.8,,,reviewed,us,us
2016-09-24T21:28:41.700Z,-19.7819,-178.2443,596.4,6.9,mww,,9,4.051,0.82,us,us10006scr,2016-12-14T03:17:47.040Z,"107km NNE of Ndoi Island, Fiji",earthquake,9.2,3.5,,,reviewed,us,us
2016-10-15T08:03:38.150Z,-4.2735,150.3606,442,6.3,mww,,18,1.661,0.98,us,us20007ebu,2017-01-15T01:13:56.040Z,"143km N of Kimbe, Papua New Guinea",earthquake,9.2,1.9,,,reviewed,us,us
2016-10-17T06:14:58.270Z,-6.0033,148.8871,42,6.8,mww,,11,3.727,1.13,us,us20007ept,2020-07-10T16:34:10.527Z,"77km WNW of Kandrian, Papua New Guinea",earthquake,1.8,1.8,,,reviewed,us,us
2016-10-19T00:26:01.090Z,-4.8626,108.1627,614,6.6,mww,,16,2.022,1.21,us,us20007f7j,2017-01-15T01:13:54.040Z,"161km NNE of Pamanukan, Indonesia",earthquake,6.6,1.9,,,reviewed,us,us
2016-10-21T05:07:22.990Z,35.3743,133.8092,5.63,6.2,mww,,23,0.68,0.75,us,us20007fta,2020-07-10T16:35:06.562Z,"6km S of Kurayoshi, Japan",earthquake,4.3,3.3,,,reviewed,us,us
2016-10-26T05:19:49.930Z,-15.4371,-174.8622,10,6.1,mww,,43,3.349,1.47,us,us20007gsh,2017-01-20T00:31:07.040Z,"132km WNW of Hihifo, Tonga",earthquake,7.6,1.7,,,reviewed,us,us
2016-10-26T19:18:08.430Z,42.9564,13.0666,10,6.1,mww,,17,0.081,0.71,us,us1000725y,2020-07-10T15:11:09.242Z,"3km NNW of Visso, Italy",earthquake,4.7,1.7,,,reviewed,us,us
2016-10-27T20:32:55.790Z,-33.7771,-72.5321,12.57,6,mww,,78,0.774,1.05,us,us100072gn,2017-01-20T00:31:10.040Z,"86km WSW of San Antonio, Chile",earthquake,4.2,2.7,,,reviewed,us,us
2016-10-30T06:40:18.670Z,42.8621,13.0961,8,6.6,mww,,25,0.174,0.67,us,us1000731j,2020-07-10T15:11:47.171Z,"7km N of Norcia, Italy",earthquake,5.3,1.8,,,reviewed,us,us
2016-11-01T19:03:30.100Z,-6.1039,148.6588,51.99,6,mww,,17,3.6,0.82,us,us100073jd,2020-07-10T15:12:23.952Z,"99km W of Kandrian, Papua New Guinea",earthquake,6.7,4.1,,,reviewed,us,us
2016-11-04T16:20:44.440Z,-35.0945,-71.0457,90,6.3,mww,,34,0.371,1.06,us,us1000744u,2020-07-10T15:12:34.703Z,"21km SE of Curico, Chile",earthquake,6.1,1.8,,,reviewed,us,us
2016-11-08T04:55:45.900Z,-36.5776,-73.5603,20,6,mww,,54,0.342,0.82,us,us10007681,2020-07-10T15:13:00.804Z,"42km WNW of Talcahuano, Chile",earthquake,4.1,1.8,,,reviewed,us,us
2016-11-11T21:42:59.650Z,38.4973,141.5658,42.4,6.1,mww,,22,0.876,1.05,us,us1000770m,2020-07-10T15:13:11.502Z,"24km ENE of Ishinomaki, Japan",earthquake,5.9,3.5,,,reviewed,us,us
2016-11-13T11:02:56.340Z,-42.7373,173.054,15.11,7.8,mww,,21,0.481,0.56,us,us1000778i,2020-08-21T18:13:20.871Z,"54km NNE of Amberley, New Zealand",earthquake,4.6,3.2,,,reviewed,us,us
2016-11-13T11:32:06.540Z,-42.3205,173.6694,10,6.5,mww,,58,0.135,1.45,us,us10007795,2017-02-09T03:02:21.040Z,"9km N of Kaikoura, New Zealand",earthquake,4.4,1.7,,,reviewed,us,us
2016-11-13T11:52:45.010Z,-42.1762,173.6227,13.99,6.1,mww,,64,0.247,1.1,us,us1000779b,2017-02-09T03:02:21.040Z,"26km N of Kaikoura, New Zealand",earthquake,4,2.6,,,reviewed,us,us
2016-11-13T13:31:25.660Z,-42.3093,173.6961,2.09,6.2,mww,,61,0.157,0.64,us,us100077aj,2017-02-09T03:02:22.040Z,"10km N of Kaikoura, New Zealand",earthquake,3.6,3.1,,,reviewed,us,us
2016-11-14T00:34:22.610Z,-42.6058,173.2543,9,6.5,mww,,56,0.283,1.05,us,us100077hw,2020-07-23T09:03:15.036Z,"41km WSW of Kaikoura, New Zealand",earthquake,4,1.7,,,reviewed,us,us
2016-11-20T20:57:44.000Z,-31.6226,-68.6259,108,6.4,mww,,59,0.091,0.98,us,us10007az5,2020-07-10T15:14:29.085Z,"7km NNW of Pocito, Argentina",earthquake,5,1.8,,,reviewed,us,us
2016-11-21T20:59:49.270Z,37.3931,141.387,9,6.9,mww,,10,0.671,0.77,us,us10007b88,2020-07-10T15:14:44.971Z,"35km ESE of Namie, Japan",earthquake,5.2,1.7,,,reviewed,us,us
2016-11-24T18:43:47.710Z,11.9097,-88.8968,10,6.9,mww,,20,1.796,1.02,us,us10007c4w,2017-02-15T23:21:39.040Z,"156km SSW of Puerto El Triunfo, El Salvador",earthquake,5.6,1.6,,,reviewed,us,us
2016-11-25T14:24:30.710Z,39.2732,73.9776,17,6.6,mww,,20,1.697,0.88,us,us10007ca5,2020-07-10T15:15:41.076Z,"47km NE of Karakul, Tajikistan",earthquake,5.9,1.7,,,reviewed,us,us
2016-12-01T22:40:26.610Z,-15.3122,-70.827,12,6.2,mww,,43,2.455,1.11,us,us10007e55,2020-07-10T15:16:49.392Z,"44km NE of Huarichancara, Peru",earthquake,6.2,1.7,,,reviewed,us,us
2016-12-05T01:13:04.880Z,-7.3158,123.3802,526,6.3,mww,,14,1.732,1.03,us,us10007ev8,2017-03-03T07:06:02.040Z,"147km NNE of Palue, Indonesia",earthquake,5.6,1.9,,,reviewed,us,us
2016-12-06T22:03:33.390Z,5.2834,96.1678,13,6.5,mww,,27,0.778,1.13,us,us10007ghm,2020-07-10T15:17:17.924Z,"14km WNW of Reuleuet, Indonesia",earthquake,5.6,0.2,,,reviewed,us,us
2016-12-08T05:15:04.600Z,43.8229,86.3451,17.55,6,mww,,25,4.123,0.82,us,us20007z2r,2020-07-10T16:35:51.387Z,"58km SSE of Shihezi, China",earthquake,7.4,2.9,,,reviewed,us,us
2016-12-08T14:49:45.910Z,40.4535,-126.1936,8.45,6.6,mww,,55,1.405,1.11,us,us20007z6r,2019-06-23T05:05:55.304Z,"164km W of Ferndale, California",earthquake,6.1,2.4,,,reviewed,us,us
2016-12-08T17:38:46.280Z,-10.6812,161.3273,40,7.8,mww,,13,1.836,0.88,us,us20007z80,2020-07-10T16:36:11.529Z,"69km WSW of Kirakira, Solomon Islands",earthquake,8.3,1.8,,,reviewed,us,us
2016-12-08T21:56:07.500Z,-10.8416,161.3137,12.26,6.5,mww,,18,1.937,0.98,us,us20007zbn,2020-07-10T16:36:33.519Z,"79km WSW of Kirakira, Solomon Islands",earthquake,7.1,1.5,,,reviewed,us,us
2016-12-09T19:10:06.840Z,-10.749,161.1316,19.73,6.9,mww,,26,1.747,0.88,us,us20007zlq,2020-07-10T16:36:47.585Z,"92km WSW of Kirakira, Solomon Islands",earthquake,7,2.6,,,reviewed,us,us
2016-12-10T16:24:34.970Z,-5.6593,154.4734,142.58,6,mww,,13,2.724,0.8,us,us20007ztn,2020-07-10T16:37:30.081Z,"132km WNW of Arawa, Papua New Guinea",earthquake,8.6,3.9,,,reviewed,us,us
2016-12-14T02:01:22.810Z,21.2897,144.4037,22.37,6,mww,,18,6.124,1.01,us,us200080m3,2017-03-09T02:14:30.040Z,"97km NNW of Farallon de Pajaros, Northern Mariana Islands",earthquake,7.3,1.8,,,reviewed,us,us
2016-12-17T10:51:10.500Z,-4.5049,153.5216,94.54,7.9,mww,,13,1.389,0.97,us,us200081v8,2020-07-10T16:38:16.550Z,"54km E of Taron, Papua New Guinea",earthquake,7.3,3.8,,,reviewed,us,us
2016-12-17T11:27:36.170Z,-5.6291,154.0216,8.43,6.3,mww,,31,2.338,0.84,us,us200081w0,2020-07-10T16:38:46.653Z,"168km SE of Taron, Papua New Guinea",earthquake,8.3,3.2,,,reviewed,us,us
2016-12-18T09:47:06.130Z,8.3725,137.6736,19,6.2,mww,,16,8.76,1.06,us,us2000828l,2017-03-16T02:31:27.040Z,"22km ESE of Ngulu, Micronesia",earthquake,8.2,1.7,,,reviewed,us,us
2016-12-18T13:30:10.680Z,-9.9738,-70.9698,612,6.4,mww,,11,2.812,0.74,us,us200082an,2020-07-08T13:05:26.166Z,"201km S of Tarauaca, Brazil",earthquake,9,1.9,,,reviewed,us,us
2016-12-20T04:21:29.150Z,-10.175,161.2271,20,6.4,mww,,21,1.458,0.87,us,us200082pp,2020-07-10T16:39:19.145Z,"81km WNW of Kirakira, Solomon Islands",earthquake,8,1.7,,,reviewed,us,us
2016-12-20T12:33:14.240Z,-10.1785,160.9149,10,6,mww,,14,1.204,0.88,us,us200082tk,2020-07-10T16:39:41.163Z,"114km WNW of Kirakira, Solomon Islands",earthquake,5.7,1.6,,,reviewed,us,us
2016-12-21T00:17:14.990Z,-7.5082,127.9206,152,6.7,mww,,17,3.38,1.2,us,us10007lkw,2020-07-10T15:17:52.442Z,"283km ENE of Dili, East Timor",earthquake,5.3,1.8,,,reviewed,us,us
2016-12-24T01:32:16.040Z,-5.2453,153.5754,35,6,mww,,13,1.753,0.91,us,us10007mf5,2017-03-23T22:52:00.040Z,"105km SE of Taron, Papua New Guinea",earthquake,6.9,1.9,,,reviewed,us,us
2016-12-25T14:22:27.010Z,-43.4064,-73.9413,38,7.6,mww,,29,0.355,0.79,us,us10007mn3,2020-07-10T15:18:09.916Z,"41km SW of Puerto Quellon, Chile",earthquake,5.4,1.9,,,reviewed,us,us
2016-12-29T22:30:19.300Z,-9.0279,118.6639,79,6.3,mww,,26,3.553,1.42,us,us10007nl0,2020-07-10T15:19:10.234Z,"29km S of Tolotangga, Indonesia",earthquake,6.2,1.8,,,reviewed,us,us
2017-01-02T13:14:02.830Z,-23.2513,179.2383,551.62,6.3,mww,,36,5.59,0.88,us,us10007p7m,2017-03-27T23:53:18.040Z,"South of the Fiji Islands",earthquake,9.9,3.3,0.05,38,reviewed,us,us
2017-01-03T21:52:30.670Z,-19.3733,176.0518,12,6.9,mww,,13,2.495,0.9,us,us10007pj6,2018-08-09T08:22:53.091Z,"226km SW of Nadi, Fiji",earthquake,7.3,1.7,,,reviewed,us,us
2017-01-03T22:40:12.570Z,-19.1207,176.1875,10,6,mww,,26,2.237,1.01,us,us10007pjt,2017-03-27T23:53:21.040Z,"195km SW of Nadi, Fiji",earthquake,7.6,1.7,0.073,18,reviewed,us,us
2017-01-08T23:47:14.420Z,74.3859,-92.4156,31,6,mww,,17,0.732,0.78,us,us10007s20,2017-04-01T00:26:05.040Z,"79km ESE of Resolute, Canada",earthquake,6.5,1.8,,,reviewed,us,us
2017-01-10T06:13:48.140Z,4.4782,122.6171,627.17,7.3,mww,,18,3.813,1.05,us,us10007s9c,2017-05-07T17:42:08.352Z,"189km SSE of Tabiauan, Philippines",earthquake,8.5,3,,,reviewed,us,us
2017-01-10T15:27:14.780Z,-10.1132,161.0271,26,6.3,mww,,14,1.257,0.69,us,us10007sd4,2020-07-10T15:20:26.934Z,"104km WNW of Kirakira, Solomon Islands",earthquake,7.2,1.7,,,reviewed,us,us
2017-01-19T23:04:21.150Z,-10.3506,161.3355,36,6.5,mww,,21,1.64,0.85,us,us10007u7n,2020-07-10T15:22:15.858Z,"65km W of Kirakira, Solomon Islands",earthquake,6.6,1.8,,,reviewed,us,us
2017-01-22T04:30:22.960Z,-6.2464,155.1718,135,7.9,mww,,9,3.625,1.22,us,us10007uph,2020-07-10T15:22:42.046Z,"35km WNW of Panguna, Papua New Guinea",earthquake,7.3,1.8,0.042,54,reviewed,us,us
2017-02-07T22:03:56.390Z,25.1912,63.2644,29.07,6.3,mww,,28,4.655,0.76,us,us20008ic7,2020-07-10T16:40:14.480Z,"22km WSW of Pasni, Pakistan",earthquake,7.5,3.3,,,reviewed,us,us
2017-02-10T14:03:43.920Z,9.9071,125.4516,15,6.5,mww,,36,2.822,0.95,us,us20008ixa,2020-07-10T16:40:29.705Z,"10km N of Mabua, Philippines",earthquake,5.2,1.7,,,reviewed,us,us
2017-02-18T12:10:17.970Z,-23.8613,-66.6592,222,6.4,mww,,28,2.415,1.23,us,us20008kn8,2017-05-13T01:03:24.040Z,"52km NW of San Antonio de los Cobres, Argentina",earthquake,6.9,1.8,0.04,60,reviewed,us,us
2017-02-21T14:09:04.320Z,-19.2814,-63.9047,595.98,6.5,mww,,14,4.242,0.9,us,us20008l41,2017-05-17T01:19:35.040Z,"41km E of Padilla, Bolivia",earthquake,9.6,3,0.04,59,reviewed,us,us
2017-02-24T17:28:44.840Z,-23.2593,-178.8036,414.5,6.9,mww,,19,6.012,0.95,us,us20008m3t,2017-05-17T01:19:38.040Z,"289km S of Ndoi Island, Fiji",earthquake,8.6,3.5,,,reviewed,us,us
2017-03-04T02:58:20.280Z,-7.3277,155.748,17,6.1,mww,,15,4.654,1.03,us,us100086x7,2020-07-10T15:23:32.922Z,"115km SSE of Panguna, Papua New Guinea",earthquake,6.8,1.6,0.056,31,reviewed,us,us
2017-03-05T22:47:53.970Z,-5.9945,149.3619,37,6.3,mww,,17,3.316,0.91,us,us1000876f,2020-07-10T15:23:54.742Z,"32km NW of Kandrian, Papua New Guinea",earthquake,7.4,1.9,,,reviewed,us,us
2017-03-14T02:51:16.770Z,6.1457,92.3044,10,6,mww,,29,4.709,0.69,us,us100088sf,2017-06-07T00:33:38.040Z,"230km SSW of Mohean, India",earthquake,7.5,1.8,,,reviewed,us,us
2017-03-19T15:43:25.690Z,-8.1364,160.7536,8.37,6,mww,,32,1.519,0.92,us,us20008t6m,2020-07-10T16:41:48.592Z,"70km N of Auki, Solomon Islands",earthquake,7.9,3.3,0.068,21,reviewed,us,us
2017-03-27T10:50:20.190Z,52.7586,172.2616,20,6.2,mww,,39,1.117,1.05,us,us20008uzn,2019-05-21T11:05:07.814Z,"63km W of Attu Station, Alaska",earthquake,6.9,1.7,,,reviewed,us,us
2017-03-29T04:09:24.190Z,56.9401,162.7861,17,6.6,mww,,14,4.591,0.75,us,us20008vhl,2020-07-10T16:42:50.877Z,"81km NNE of Ust'-Kamchatsk Staryy, Russia",earthquake,6.8,1.7,0.039,63,reviewed,us,us
2017-04-03T17:40:18.560Z,-22.6784,25.1558,29,6.5,mww,,15,2.36,1.11,us,us10008e3k,2020-08-15T01:13:13.844Z,"132km WSW of Moijabana, Botswana",earthquake,7.5,1.8,0.048,42,reviewed,us,us
2017-04-05T06:09:12.200Z,35.7755,60.4363,13,6.1,mww,,43,2.029,1.07,us,us10008ei0,2020-07-10T15:25:34.014Z,"61km NNW of Torbat-e Jam, Iran",earthquake,4.9,1.7,0.05,38,reviewed,us,us
2017-04-15T08:19:43.390Z,-23.2653,-67.7225,155,6.3,mww,,24,1.273,1.14,us,us10008hu2,2020-07-10T15:27:15.046Z,"63km SE of San Pedro de Atacama, Chile",earthquake,6.5,1.9,0.035,78,reviewed,us,us
2017-04-18T17:11:47.030Z,-18.0877,-178.369,628,6,mww,,37,3.423,1.1,us,us10008iph,2017-07-11T01:48:36.040Z,"285km N of Ndoi Island, Fiji",earthquake,8.2,1.8,0.071,19,reviewed,us,us
2017-04-23T02:36:07.830Z,-33.0354,-72.0296,21,6,mww,,40,0.329,0.92,us,us10008jvr,2020-07-10T15:27:39.435Z,"37km W of Valparaiso, Chile",earthquake,3.7,1.7,0.05,39,reviewed,us,us
2017-04-24T21:38:30.820Z,-33.0375,-72.0617,28,6.9,mww,,39,0.356,0.73,us,us10008kce,2020-07-21T00:11:12.262Z,"40km W of Valparaiso, Chile",earthquake,4.9,1.8,,,reviewed,us,us
2017-04-28T20:23:17.260Z,5.5043,125.0658,26,6.9,mww,,14,1.636,0.99,us,us10008ls4,2020-07-10T15:28:40.044Z,"31km SW of Burias, Philippines",earthquake,6.6,1.8,0.044,49,reviewed,us,us
2017-05-01T12:31:55.590Z,59.8209,-136.7114,10,6.2,mww,,28,0.554,0.96,us,us10008mel,2020-07-10T15:29:08.724Z,"88km WNW of Skagway, Alaska",earthquake,4.1,1.7,,,reviewed,us,us
2017-05-01T14:18:15.290Z,59.8295,-136.7042,2.53,6.3,mww,,,,0.85,us,us10008mgu,2020-07-10T15:29:38.792Z,"88km WNW of Skagway, Alaska",earthquake,2.8,3.2,,,reviewed,pgc,us
2017-05-03T04:47:13.380Z,39.4939,71.4438,11,6,mww,,25,0.741,0.75,us,us10008npq,2020-07-10T15:30:33.056Z,"29km NNW of Karakenja, Tajikistan",earthquake,4.6,1.8,0.06,27,reviewed,us,us
2017-05-08T17:00:47.520Z,51.7344,-178.5875,13,6.2,mww,,23,0.11,0.97,us,us10008qhu,2019-06-18T21:05:44.441Z,"34km WSW of Tanaga Volcano, Alaska",earthquake,4.1,1.7,,,reviewed,us,us
2017-05-09T01:54:14.550Z,24.45,126.3174,10,6,mww,,42,2.959,0.83,us,us10008qnw,2018-07-25T18:14:06.049Z,"111km ESE of Hirara, Japan",earthquake,6,1.7,0.039,62,reviewed,us,us
2017-05-09T13:52:10.940Z,-14.5884,167.3767,169,6.8,mww,,19,7.495,0.97,us,us10008qsb,2020-07-10T15:31:00.209Z,"62km NE of Port-Olry, Vanuatu",earthquake,8.7,1.9,0.052,35,reviewed,us,us
2017-05-10T23:23:36.830Z,-56.414,-25.7432,15,6.5,mww,,17,6.489,0.88,us,us10008rb6,2017-08-01T23:02:28.040Z,"95km ENE of Visokoi Island, South Georgia and the South Sandwich Islands",earthquake,7.5,1.3,0.041,56,reviewed,us,us
2017-05-12T10:41:26.710Z,12.9187,-90.0611,16,6.2,mww,,22,1.111,1.03,us,us10008rtu,2017-08-01T23:02:31.040Z,"78km SSW of Acajutla, El Salvador",earthquake,5.4,1.6,0.031,100,reviewed,us,us
2017-05-15T13:22:38.630Z,-4.022,152.4781,10,6.2,mww,,21,7.515,0.82,us,us10008sjn,2020-07-10T15:31:55.551Z,"39km ENE of Rabaul, Papua New Guinea",earthquake,5.9,1.8,0.071,19,reviewed,us,us
2017-05-20T01:06:14.250Z,9.3818,123.9537,533,6,mww,,28,2.804,0.99,us,us10008tp0,2020-07-10T15:32:22.626Z,"25km S of Alburquerque, Philippines",earthquake,8,1.9,0.042,55,reviewed,us,us
2017-05-29T14:35:21.510Z,-1.2923,120.4313,12,6.6,mww,,18,2.353,0.9,us,us10008w1z,2020-07-10T15:33:12.025Z,"28km WNW of Kasiguncu, Indonesia",earthquake,5.6,1.7,0.045,47,reviewed,us,us
2017-06-02T22:24:47.440Z,54.0312,170.9196,5,6.8,mww,,12,2.308,0.91,us,us20009jd6,2019-06-18T22:36:28.655Z,"200km NW of Attu Station, Alaska",earthquake,6.7,1.7,0.038,68,reviewed,us,us
2017-06-12T12:28:39.150Z,38.9296,26.365,12,6.3,mww,,55,1.77,0.76,us,us20009ly0,2020-07-10T16:43:56.036Z,"5km S of Plomarion, Greece",earthquake,5.3,1.7,0.035,78,reviewed,us,us
2017-06-14T07:29:04.390Z,14.9091,-92.0092,93,6.9,mww,,35,0.247,1.42,us,us20009mbt,2020-07-10T16:44:15.904Z,"2km SSW of San Pablo, Guatemala",earthquake,2.8,2.2,0.026,146,reviewed,us,us
2017-06-15T00:26:17.550Z,-30.5156,-178.0563,34,6,mww,,21,1.271,0.6,us,us20009mjp,2017-08-18T23:13:28.040Z,"129km NE of L'Esperance Rock, New Zealand",earthquake,7.3,1.8,0.058,29,reviewed,us,us
2017-06-17T22:26:02.010Z,-24.0927,179.6041,511,6.1,mww,,13,5.585,0.83,us,us20009nc2,2017-08-18T23:13:32.040Z,"South of the Fiji Islands",earthquake,9,1.9,0.053,34,reviewed,us,us
2017-06-22T12:31:03.490Z,13.7174,-90.9718,38.12,6.8,mww,,38,1.065,1.46,us,us20009p1a,2020-07-10T16:44:40.407Z,"28km SW of Puerto San Jose, Guatemala",earthquake,6.8,3.5,0.028,123,reviewed,us,us
2017-06-25T17:42:24.410Z,-19.5519,-176.2265,10,6,mww,,82,5.713,1.3,us,us20009pmr,2017-09-27T02:03:12.040Z,"198km W of Pangai, Tonga",earthquake,8.3,1.3,0.058,29,reviewed,us,us
2017-06-28T18:20:55.450Z,-30.3103,-177.6618,19,6,mww,,56,1.086,0.9,us,us20009q4v,2017-09-27T02:03:17.040Z,"117km S of Raoul Island, New Zealand",earthquake,8.4,1.3,0.06,27,reviewed,us,us
2017-06-29T07:03:11.040Z,-31.1253,179.9257,404.82,6,mww,,52,2.638,0.83,us,us1000954z,2017-09-27T02:03:18.040Z,"116km WNW of L'Esperance Rock, New Zealand",earthquake,9.3,3.6,0.052,35,reviewed,us,us
2017-06-30T22:29:45.140Z,-0.2849,-80.4927,13,6,mww,,27,1.953,0.84,us,us100095nr,2020-07-10T15:34:13.220Z,"35km NNW of Bahia de Caraquez, Ecuador",earthquake,5.5,1.7,0.048,42,reviewed,us,us
2017-07-06T08:03:57.550Z,11.1269,124.6286,9,6.5,mww,,30,4.139,0.65,us,us1000976a,2020-07-10T15:34:48.392Z,"2km S of Lim-oo, Philippines",earthquake,6.9,1.8,0.047,44,reviewed,us,us
2017-07-11T07:00:01.190Z,-49.4837,164.0157,10,6.6,mww,,37,3.773,1.5,us,us100098qm,2017-10-06T23:56:13.040Z,"204km NW of Auckland Island, New Zealand",earthquake,7.2,1.7,0.057,30,reviewed,us,us
2017-07-13T03:36:08.640Z,-4.7787,153.2109,34,6.4,mww,,15,6.435,0.81,us,us20009vvi,2020-07-10T16:45:17.339Z,"39km SSE of Taron, Papua New Guinea",earthquake,7.6,1.5,0.073,18,reviewed,us,us
2017-07-17T11:05:09.060Z,54.5802,168.6484,9,6.3,mww,,42,3.736,0.77,us,us20009wwj,2017-10-11T01:03:50.040Z,"183km ESE of Nikol'skoye, Russia",earthquake,7.6,1.8,0.05,39,reviewed,us,us
2017-07-17T23:34:13.740Z,54.4434,168.857,10,7.7,mww,,13,3.564,0.68,us,us20009x42,2018-10-17T21:53:36.593Z,"202km ESE of Nikol'skoye, Russia",earthquake,7,1.8,0.036,73,reviewed,us,us
2017-07-18T02:05:19.750Z,-16.4161,-73.6357,43.68,6.4,mww,,49,3.697,0.7,us,us20009x7r,2020-07-10T16:45:45.210Z,"101km WNW of Camana, Peru",earthquake,7.2,3.8,0.066,22,reviewed,us,us
2017-07-19T12:16:23.560Z,-17.4154,66.4836,10,6,mww,,42,3.759,0.78,us,us20009xz4,2018-03-01T20:59:37.877Z,"Mauritius - Reunion region",earthquake,8.7,1.8,0.042,54,reviewed,us,us
2017-07-20T22:31:11.260Z,36.9293,27.4139,7,6.6,mww,,16,0.913,0.78,us,us20009ynd,2020-07-10T16:46:23.291Z,"11km ENE of Kos, Greece",earthquake,4.3,1.7,0.058,29,reviewed,us,us
2017-07-26T10:32:57.430Z,26.8975,130.1836,12,6,mww,,24,1.422,0.71,us,us2000a18e,2017-10-14T00:19:41.040Z,"176km SSE of Naze, Japan",earthquake,4.7,1.6,0.046,46,reviewed,us,us
2017-07-27T17:53:24.610Z,13.396,-49.3259,10,6,mww,,29,8.86,0.87,us,us2000a1uk,2017-10-14T00:19:43.040Z,"North Atlantic Ocean",earthquake,7.6,1.7,0.078,16,reviewed,us,us
2017-08-08T13:19:49.540Z,33.1926,103.8552,9,6.5,mww,,22,11.411,0.77,us,us2000a5x1,2020-07-10T16:48:25.896Z,"36km WSW of Yongle, China",earthquake,4.3,1.7,0.043,52,reviewed,us,us
2017-08-08T23:27:53.080Z,44.3023,82.8317,20,6.3,mww,,20,2.52,0.89,us,us2000a65e,2020-07-10T16:48:43.174Z,"109km SSE of Dostyq, Kazakhstan",earthquake,5.9,1.8,0.053,34,reviewed,us,us
2017-08-11T05:28:25.790Z,14.0065,120.7391,172,6.2,mww,,17,0.214,0.81,us,us2000a77i,2020-07-10T16:49:11.187Z,"1km SE of Tuy, Philippines",earthquake,6.6,1.9,0.045,47,reviewed,us,us
2017-08-13T03:08:10.560Z,-3.7682,101.6228,31,6.4,mww,,26,1.453,0.9,us,us2000a7q2,2020-07-10T16:49:49.903Z,"71km W of Bengkulu, Indonesia",earthquake,5.8,1.7,0.057,30,reviewed,us,us
2017-08-18T02:59:25.640Z,-1.112,-13.6605,35,6.6,mww,,24,6.811,0.74,us,us2000a98r,2017-11-14T01:42:13.040Z,"North of Ascension Island",earthquake,8.6,1.9,0.06,27,reviewed,us,us
2017-08-19T02:00:52.550Z,-17.9609,-178.8406,544,6.4,mww,,10,2.966,0.96,us,us2000a9n1,2017-11-14T01:42:14.040Z,"254km SE of Lambasa, Fiji",earthquake,8.1,1.9,0.046,46,reviewed,us,us
2017-08-27T04:17:51.000Z,-1.4525,148.08,8,6.3,mww,,13,0.923,0.83,us,us2000ac7a,2017-11-28T18:33:48.040Z,"109km NE of Lorengau, Papua New Guinea",earthquake,5.9,1.7,0.061,26,reviewed,us,us
2017-08-31T17:06:55.750Z,-1.159,99.6881,43.14,6.3,mww,,20,2,1.13,us,us2000adjh,2020-07-10T16:51:26.468Z,"71km NE of Muara Siberut, Indonesia",earthquake,6.5,3.3,0.056,31,reviewed,us,us
2017-09-04T08:07:34.500Z,-57.7387,-25.6131,25,6.1,mww,,21,7.009,0.86,us,us2000afh9,2017-12-07T20:00:09.040Z,"150km SE of Visokoi Island, South Georgia and the South Sandwich Islands",earthquake,8.2,1.7,0.066,22,reviewed,us,us
2017-09-07T17:26:49.320Z,27.7829,139.8041,451,6.1,mww,,20,2.223,1.15,us,us2000ahlq,2017-12-07T20:00:19.040Z,"250km WNW of Chichi-shima, Japan",earthquake,9.1,1.9,0.052,36,reviewed,us,us
2017-09-19T18:14:38.090Z,18.5499,-98.4887,48,7.1,mww,,23,0.984,1.14,us,us2000ar20,2020-08-15T01:29:56.597Z,"1km E of Ayutla, Mexico",earthquake,4.5,1.8,0.048,41,reviewed,us,us
2017-09-20T01:43:25.980Z,-50.7087,162.6317,8,6.1,mww,,56,4.407,0.88,us,us2000arel,2017-12-19T01:54:07.040Z,"247km W of Auckland Island, New Zealand",earthquake,4.3,1.7,0.065,23,reviewed,us,us
2017-09-20T16:37:16.360Z,37.9814,144.6601,11,6.1,mww,,18,3.062,0.78,us,us2000arxv,2017-12-19T01:54:08.040Z,"280km ESE of Kamaishi, Japan",earthquake,6.9,1.5,0.047,44,reviewed,us,us
2017-09-20T20:09:49.610Z,-18.7854,169.0946,197,6.4,mww,,18,2.641,0.99,us,us2000as2f,2017-12-19T01:54:09.040Z,"86km NNW of Isangel, Vanuatu",earthquake,7.6,1.9,0.05,39,reviewed,us,us
2017-09-23T12:53:01.480Z,16.6258,-95.0778,10,6.1,mww,,31,1.306,1.32,us,us2000atjv,2020-07-10T16:53:24.763Z,"5km NNE of San Jeronimo Ixtepec, Mexico",earthquake,3.8,1.7,0.042,55,reviewed,us,us
2017-09-26T04:20:00.260Z,-23.5815,-176.8371,96,6.4,mww,,14,7.846,0.98,us,us2000autd,2017-12-22T21:56:22.040Z,"South of the Fiji Islands",earthquake,8.2,1.8,0.046,46,reviewed,us,us
2017-10-06T07:59:32.880Z,37.5033,144.0201,9,6.2,mww,,32,2.588,0.88,us,us2000b1v8,2018-01-03T01:54:47.040Z,"259km ESE of Ishinomaki, Japan",earthquake,4.5,1.7,0.053,34,reviewed,us,us
2017-10-08T14:04:38.500Z,-18.9903,-175.5659,10,6.1,mww,,80,5.334,0.87,us,us2000b2sv,2018-01-09T02:14:51.040Z,"156km NW of Pangai, Tonga",earthquake,8.9,1.8,0.055,32,reviewed,us,us
2017-10-08T20:48:58.420Z,-61.7467,154.5985,10,6.2,mww,,35,7.624,0.94,us,us2000b2v1,2018-01-09T02:14:51.040Z,"Balleny Islands region",earthquake,9.7,1.7,0.083,14,reviewed,us,us
2017-10-08T22:34:33.490Z,52.3909,176.7691,119,6.5,mww,,11,1.154,0.81,us,us2000b2vq,2019-06-19T15:58:16.364Z,"57km E of Buldir Island, Alaska",earthquake,3.5,1.7,0.043,51,reviewed,us,us
2017-10-10T06:32:21.170Z,-18.5715,-69.7526,85,6.3,mww,,23,0.33,1.39,us,us2000b3dm,2020-07-10T16:54:15.776Z,"46km SSW of Putre, Chile",earthquake,6,1.8,0.054,33,reviewed,us,us
2017-10-10T18:53:27.830Z,-54.2632,8.6086,9,6.7,mww,,20,18.167,1.08,us,us1000apql,2018-01-09T02:14:54.040Z,"Bouvet Island region",earthquake,8.8,1.8,0.083,14,reviewed,us,us
2017-10-18T12:00:59.080Z,-20.5914,-173.8022,10,6.1,mww,,31,6.92,0.93,us,us1000atnb,2018-01-11T02:22:06.040Z,"104km SSE of Pangai, Tonga",earthquake,8.2,1.7,0.058,29,reviewed,us,us
2017-10-24T10:47:47.860Z,-7.2168,123.0735,553.81,6.7,mww,,16,1.634,0.97,us,us1000aw8q,2018-01-17T21:50:32.040Z,"144km NNE of Palue, Indonesia",earthquake,8.6,3.1,0.046,46,reviewed,us,us
2017-10-31T00:42:08.720Z,-21.6971,169.1485,24,6.7,mww,,55,1.062,1.46,us,us1000aytk,2018-01-24T01:25:00.040Z,"131km E of Tadine, New Caledonia",earthquake,6.5,1.8,0.038,68,reviewed,us,us
2017-10-31T11:50:48.370Z,-3.7449,127.7517,6,6.1,mww,,22,4.503,1.15,us,us1000ayz8,2020-07-10T15:36:57.386Z,"41km WSW of Hila, Indonesia",earthquake,6.6,1.7,0.05,39,reviewed,us,us
2017-11-01T00:09:30.120Z,-21.7278,168.9342,11,6.1,mww,,21,0.876,1.09,us,us1000azi3,2018-01-24T01:25:02.040Z,"110km E of Tadine, New Caledonia",earthquake,6.8,1.7,0.045,48,reviewed,us,us
2017-11-01T02:23:57.670Z,-21.6484,168.8585,22,6.6,mww,,29,0.788,1.39,us,us1000azjt,2018-01-24T01:25:03.040Z,"101km E of Tadine, New Caledonia",earthquake,6.8,1.8,0.038,66,reviewed,us,us
2017-11-04T09:00:19.420Z,-15.3197,-173.1682,10,6.8,mww,,21,4.852,0.94,us,us2000bibm,2018-06-15T13:27:47.478Z,"93km NE of Hihifo, Tonga",earthquake,8.1,1.7,0.044,50,reviewed,us,us
2017-11-07T21:26:38.480Z,-4.2433,143.4846,110.57,6.5,mww,,10,4.449,0.97,us,us2000bk15,2020-07-10T16:54:29.245Z,"67km WSW of Angoram, Papua New Guinea",earthquake,7.2,3.3,0.044,50,reviewed,us,us
2017-11-09T07:42:11.020Z,32.5208,141.438,12,6,mww,,57,1.49,0.71,us,us2000bkrv,2018-01-31T03:04:44.040Z,"165km ESE of Hachijo-jima, Japan",earthquake,7,1.8,0.058,29,reviewed,us,us
2017-11-11T00:36:14.980Z,-11.7424,-14.1142,10,6.1,mww,,21,3.793,0.66,us,us2000blul,2018-01-31T03:04:47.040Z,"Ascension Island region",earthquake,8.3,1.8,0.059,28,reviewed,us,us
2017-11-12T18:18:17.180Z,34.9109,45.9592,19,7.3,mww,,33,0.284,1.29,us,us2000bmcg,2020-08-15T01:43:21.351Z,"29km S of Halabjah, Iraq",earthquake,4.9,1.7,0.044,50,reviewed,us,us
2017-11-13T02:28:23.680Z,9.5147,-84.4865,19.36,6.5,mww,,37,0.225,1.25,us,us2000bmhe,2020-08-15T01:22:51.287Z,"18km W of Parrita, Costa Rica",earthquake,5,2.6,0.05,38,reviewed,us,us
2017-11-17T22:34:19.450Z,29.8333,94.9838,8,6.4,mww,,13,3.355,0.76,us,us2000bqsn,2020-07-10T16:56:08.548Z,"64km ENE of Nyingchi, China",earthquake,7,1.7,0.043,52,reviewed,us,us
2017-11-19T09:25:48.730Z,-21.6377,168.6729,14,6.3,mww,,22,0.618,1.19,us,us2000brbk,2018-02-14T02:01:02.040Z,"82km E of Tadine, New Caledonia",earthquake,5.5,1.7,0.042,54,reviewed,us,us
2017-11-19T15:09:02.880Z,-21.5027,168.5984,13,6.6,mww,,21,0.529,0.85,us,us2000brgk,2020-07-10T16:56:53.900Z,"74km E of Tadine, New Caledonia",earthquake,4.9,1.7,0.037,72,reviewed,us,us
2017-11-19T22:43:29.250Z,-21.3246,168.6715,10,7,mww,,14,0.617,0.65,us,us2000brlf,2020-07-10T16:57:17.567Z,"85km ENE of Tadine, New Caledonia",earthquake,5.6,1.7,0.071,19,reviewed,us,us
2017-11-20T00:09:23.730Z,-21.4848,168.8088,10,6,mww,,22,0.724,0.99,us,us2000brnd,2018-02-14T02:01:05.040Z,"96km E of Tadine, New Caledonia",earthquake,4.4,1.7,0.073,18,reviewed,us,us
2017-11-20T18:51:07.610Z,-14.7243,-175.0485,9,6,mww,,42,3.272,1.15,us,us2000brz0,2018-02-14T02:01:07.040Z,"194km NW of Hihifo, Tonga",earthquake,8.4,1.7,0.075,17,reviewed,us,us
2017-11-27T07:11:11.620Z,-4.5746,153.2269,54,6,mww,,37,1.126,0.7,us,us2000burc,2020-07-10T16:57:52.478Z,"24km ESE of Taron, Papua New Guinea",earthquake,7.7,1.9,0.05,38,reviewed,us,us
2017-11-30T06:32:50.760Z,-1.0802,-23.4323,10,6.5,mww,,26,11.148,0.65,us,us1000bj7t,2018-02-20T09:06:08.040Z,"Central Mid-Atlantic Ridge",earthquake,9.1,1.8,0.045,48,reviewed,us,us
2017-12-01T02:32:46.040Z,30.7464,57.307,9,6.1,mww,,23,5.526,0.89,us,us1000bjnz,2020-07-10T15:37:31.644Z,"55km NNE of Kerman, Iran",earthquake,7.1,1.7,0.06,27,reviewed,us,us
2017-12-01T02:49:58.490Z,-6.1346,147.6564,34,6,mww,,11,3.286,1.06,us,us1000bjph,2020-07-10T15:37:47.410Z,"56km NNW of Finschhafen, Papua New Guinea",earthquake,6.6,1.7,0.059,28,reviewed,us,us
2017-12-03T11:19:05.440Z,-0.47,-80.3101,17,6.1,mww,,47,1.763,1.04,us,us1000bkjh,2020-07-10T15:37:57.694Z,"18km NE of Bahia de Caraquez, Ecuador",earthquake,5.6,1.7,0.045,48,reviewed,us,us
2017-12-08T00:22:54.200Z,10.1164,140.2197,12.79,6.4,mww,,13,5.711,0.76,us,us2000c1wt,2018-02-28T02:32:32.040Z,"50km NW of Fais, Micronesia",earthquake,2.1,2.8,0.041,58,reviewed,us,us
2017-12-08T09:51:08.050Z,10.0116,140.1871,8,6.3,mww,,42,5.8,0.68,us,us2000c1zn,2018-02-28T02:32:33.040Z,"45km NW of Fais, Micronesia",earthquake,6.3,1.8,0.065,23,reviewed,us,us
2017-12-09T15:14:24.770Z,10.0928,140.2016,10,6.1,mww,,37,5.739,1.19,us,us2000c2du,2018-02-28T02:32:34.040Z,"50km NW of Fais, Micronesia",earthquake,8.5,1.8,0.042,55,reviewed,us,us
2017-12-12T08:43:18.320Z,30.7372,57.2795,12,6,mww,,49,5.549,0.79,us,us2000c3ag,2020-07-10T16:58:46.352Z,"53km NNE of Kerman, Iran",earthquake,7.3,1.8,0.052,35,reviewed,us,us
2017-12-12T21:41:31.140Z,30.8275,57.2982,8,6,mww,,24,5.477,0.78,us,us2000c3mi,2020-07-10T16:59:00.964Z,"63km NNE of Kerman, Iran",earthquake,7.2,1.8,0.05,38,reviewed,us,us
2017-12-13T18:03:43.920Z,-54.2189,2.1628,17,6.5,mww,,23,17.654,0.99,us,us2000c3y6,2018-03-06T00:49:39.040Z,"80km WNW of Bouvet Island, Bouvet Island",earthquake,9.7,1.7,0.041,57,reviewed,us,us
2017-12-15T16:47:58.230Z,-7.4921,108.1743,90,6.5,mww,,28,2.365,1.07,us,us2000c4v8,2020-07-10T16:59:14.717Z,"1km E of Kampungbaru, Indonesia",earthquake,8,1.8,0.058,29,reviewed,us,us
2018-01-10T02:51:33.290Z,17.4825,-83.52,19,7.5,mww,,12,4.581,0.82,us,us1000c2zy,2020-07-10T15:39:48.704Z,"44km E of Great Swan Island, Honduras",earthquake,5.8,1.7,0.035,79,reviewed,us,us
2018-01-11T18:26:24.240Z,18.3719,96.0717,9,6,mww,,29,2.759,1.01,us,us2000cifa,2020-07-10T16:59:41.573Z,"40km WSW of Pyu, Burma",earthquake,6.3,1.8,0.052,35,reviewed,us,us
2018-01-14T09:18:45.540Z,-15.7675,-74.7092,39,7.1,mww,,23,4.29,1.2,us,us2000cjfy,2020-07-10T16:59:57.312Z,"38km SSW of Acari, Peru",earthquake,7,1.8,0.032,95,reviewed,us,us
2018-01-19T16:17:44.720Z,26.6862,-111.0785,10,6.3,mww,,109,1.214,1.45,us,us2000cl83,2020-07-10T17:00:41.030Z,"78km NNE of Loreto, Mexico",earthquake,5.7,1.8,0.035,79,reviewed,us,us
2018-01-21T01:06:42.710Z,-18.8806,-69.4445,116,6.3,mww,,15,0.545,1.41,us,us2000cm0f,2020-07-10T17:01:06.152Z,"76km S of Putre, Chile",earthquake,6.4,1.8,0.047,44,reviewed,us,us
2018-01-23T09:31:40.890Z,56.0039,-149.1658,14.06,7.9,mww,,30,2.585,0.77,us,us2000cmy3,2020-08-15T02:41:12.839Z,"280km SE of Kodiak, Alaska",earthquake,6,2.8,0.034,81,reviewed,us,us
2018-01-24T10:51:19.090Z,41.1034,142.4323,31,6.3,mww,,51,1.061,0.88,us,us2000cnnl,2018-09-05T18:27:53.129Z,"101km ENE of Misawa, Japan",earthquake,6.3,1.8,0.06,27,reviewed,us,us
2018-01-25T02:10:34.820Z,55.5423,166.4497,11.15,6.2,mww,,35,5.219,0.6,us,us2000cp4y,2018-04-20T07:05:21.040Z,"48km NE of Nikol'skoye, Russia",earthquake,6.1,2.9,0.043,53,reviewed,us,us
2018-01-26T22:47:57.760Z,-3.5138,145.8477,10,6.3,mww,,18,2.105,0.7,us,us2000cq5t,2018-04-20T07:05:27.040Z,"189km N of Madang, Papua New Guinea",earthquake,6.8,1.7,0.065,23,reviewed,us,us
2018-01-28T16:03:03.970Z,-53.0623,9.6842,10,6.6,mww,,27,19.475,0.61,us,us2000cqnn,2018-04-20T07:05:34.040Z,"Southwest of Africa",earthquake,10.3,1.8,0.055,32,reviewed,us,us
2018-01-31T07:07:00.290Z,36.5261,70.8507,193.73,6.2,mww,,17,0.637,0.86,us,us2000crmu,2020-07-10T17:01:54.188Z,"37km S of Jarm, Afghanistan",earthquake,6.7,3.2,0.046,45,reviewed,us,us
2018-02-01T11:05:50.630Z,-16.5186,-177.4612,10,6,mww,,56,6.068,1.14,us,us1000cdn0,2018-04-25T01:39:41.040Z,"256km SSE of Sigave, Wallis and Futuna",earthquake,9.3,1.8,0.052,36,reviewed,us,us
2018-02-04T13:56:41.950Z,24.1572,121.7078,12,6.1,mww,,30,0.104,0.87,us,us1000cfn6,2020-07-10T15:40:29.600Z,"22km NNE of Hualian, Taiwan",earthquake,5.5,1.7,0.047,43,reviewed,us,us
2018-02-06T15:50:43.320Z,24.1338,121.6586,17,6.4,mww,,34,0.07,0.91,us,us1000chhc,2020-07-10T15:40:58.983Z,"18km NNE of Hualian, Taiwan",earthquake,3.9,1.7,0.047,44,reviewed,us,us
2018-02-09T11:43:56.760Z,-17.8709,-178.6605,556.91,6,mww,,35,7.704,0.9,us,us2000czgc,2018-05-03T22:15:06.040Z,"263km SE of Lambasa, Fiji",earthquake,9.4,3.1,0.051,37,reviewed,us,us
2018-02-11T23:14:15.080Z,13.8205,146.4377,10,6,mww,,15,1.542,0.73,us,us2000d0p1,2018-05-03T22:15:11.040Z,"138km ESE of Rota, Northern Mariana Islands",earthquake,7.2,1.7,0.057,30,reviewed,us,us
2018-02-16T23:39:39.280Z,16.3855,-97.9787,22,7.2,mww,,82,0.142,1.23,us,us2000d3km,2020-07-10T17:03:28.280Z,"3km S of San Pedro Jicayan, Mexico",earthquake,4.3,1.8,0.062,25,reviewed,us,us
2018-02-25T17:44:44.140Z,-6.0699,142.7536,25.21,7.5,mww,,17,5.48,1.31,us,us2000d7q6,2020-08-15T02:15:52.360Z,"83km SW of Porgera, Papua New Guinea",earthquake,7.2,3,0.039,63,reviewed,us,us
2018-02-26T13:34:53.530Z,-2.7774,126.6859,9,6.1,mww,,38,3.59,0.8,us,us2000d855,2020-07-10T17:05:55.291Z,"44km NE of Airbuaya, Indonesia",earthquake,6.7,1.7,0.048,41,reviewed,us,us
2018-02-26T15:18:00.280Z,-6.5052,143.255,19,6.3,mww,,19,4.822,0.88,us,us2000d867,2020-07-10T17:06:26.679Z,"56km SW of Mendi, Papua New Guinea",earthquake,6.6,1.7,0.059,28,reviewed,us,us
2018-02-27T17:29:22.580Z,-60.2494,150.7793,10,6.1,mww,,37,7.26,1.04,us,us2000d8rl,2018-05-27T01:06:04.040Z,"West of Macquarie Island",earthquake,9.4,1.7,0.063,24,reviewed,us,us
2018-02-28T02:45:45.430Z,-6.1696,142.4681,16,6.1,mww,,19,5.651,1.03,us,us2000d90d,2020-07-10T17:07:04.631Z,"112km SW of Porgera, Papua New Guinea",earthquake,7.1,1.7,0.054,33,reviewed,us,us
2018-03-04T19:56:17.890Z,-6.331,142.5994,10,6,mww,,18,5.452,1.25,us,us2000dc52,2020-07-10T17:07:55.284Z,"116km SW of Porgera, Papua New Guinea",earthquake,8,1.8,0.049,40,reviewed,us,us
2018-03-06T14:13:07.650Z,-6.3043,142.6116,20.49,6.7,mww,,19,5.457,0.97,us,us2000dcx1,2020-07-10T17:08:43.525Z,"113km SW of Porgera, Papua New Guinea",earthquake,5.3,2.7,0.038,68,reviewed,us,us
2018-03-08T17:39:51.100Z,-4.3762,153.1996,22.86,6.8,mww,,16,1.049,1.05,us,us1000d1kv,2020-07-10T15:41:59.232Z,"21km ENE of Taron, Papua New Guinea",earthquake,6.5,3,0.046,45,reviewed,us,us
2018-03-24T11:23:32.050Z,-5.4959,151.4971,33,6.3,mww,,19,5.361,0.95,us,us1000d8k9,2020-07-10T15:42:56.208Z,"150km E of Kimbe, Papua New Guinea",earthquake,7.1,1.3,0.048,42,reviewed,us,us
2018-03-24T19:58:33.380Z,-45.7783,96.0692,10,6,mww,,29,17.781,0.75,us,us1000d8ny,2018-06-19T01:35:51.040Z,"Southeast Indian Ridge",earthquake,10.1,1.7,0.054,33,reviewed,us,us
2018-03-25T20:14:47.690Z,-6.6343,129.8172,169,6.4,mww,,13,1.988,1.09,us,us1000d8xh,2018-06-19T01:35:53.040Z,"220km NW of Saumlaki, Indonesia",earthquake,6.5,0.7,0.033,87,reviewed,us,us
2018-03-26T09:51:00.430Z,-5.5024,151.4025,40,6.7,mww,,15,1.507,1.18,us,us1000d937,2020-07-10T15:43:08.177Z,"139km E of Kimbe, Papua New Guinea",earthquake,6.5,0.8,0.049,40,reviewed,us,us
2018-03-29T21:25:36.790Z,-5.5321,151.4999,35,6.9,mww,,18,1.487,1.02,us,us1000db40,2020-07-10T15:43:34.439Z,"150km E of Kimbe, Papua New Guinea",earthquake,6.6,1.8,0.057,30,reviewed,us,us
2018-04-02T05:57:35.680Z,-24.719,-176.8865,92,6.1,mww,,20,4.603,1.15,us,us1000dcbs,2018-06-30T01:11:24.040Z,"South of the Fiji Islands",earthquake,7.5,1.8,0.045,48,reviewed,us,us
2018-04-02T13:40:34.840Z,-20.6588,-63.0058,559,6.8,mww,,16,5.32,0.99,us,us1000dce2,2018-06-30T01:11:24.040Z,"11km NNE of Carandayti, Bolivia",earthquake,6.7,1.9,0.047,43,reviewed,us,us
2018-04-05T03:53:38.410Z,6.8325,126.7785,34,6,mww,,17,1.213,0.82,us,us2000dus5,2020-07-10T17:09:21.906Z,"43km ESE of Tarragona, Philippines",earthquake,7.3,1.8,0.06,27,reviewed,us,us
2018-04-07T05:48:40.010Z,-5.8382,142.5314,18.07,6.3,mww,,19,5.796,0.84,us,us2000dvwq,2020-07-10T17:10:17.700Z,"84km WSW of Porgera, Papua New Guinea",earthquake,7.1,3,0.065,23,reviewed,us,us
2018-04-10T10:19:34.370Z,-31.0258,-71.5292,66,6.2,mww,,19,0.362,1,us,us2000dxfc,2020-07-10T17:11:13.979Z,"56km SSW of Ovalle, Chile",earthquake,4.8,1.8,0.044,50,reviewed,us,us
2018-04-15T19:30:43.200Z,1.4083,126.8759,34,6,mww,,29,0.8,1.35,us,us2000e0mq,2018-07-07T02:25:24.040Z,"88km NW of Kota Ternate, Indonesia",earthquake,6,1.7,0.057,30,reviewed,us,us
2018-04-19T21:09:17.000Z,-42.7797,42.1877,10,6,mww,,20,15.638,0.83,us,us1000dnuj,2018-07-17T02:05:32.040Z,"Prince Edward Islands region",earthquake,9.6,1.7,0.042,54,reviewed,us,us
2018-05-02T06:32:49.020Z,-24.2723,-111.6328,10,6,mww,,38,3.492,1.21,us,us1000dw7i,2018-07-27T20:20:32.040Z,"Easter Island region",earthquake,10.3,1.8,0.058,29,reviewed,us,us
2018-05-04T22:32:54.650Z,19.3181667,-154.9996667,5.81,6.9,mw,63,210,0.11,0.11,hv,hv70116556,2020-08-15T02:55:22.135Z,"19km SSW of Leilani Estates, Hawaii",earthquake,0.52,0.31,,10,reviewed,hv,hv
2018-05-05T06:19:05.040Z,14.5708,123.9192,18,6.1,mww,,21,2.928,0.98,us,us1000dym9,2020-07-10T15:46:23.267Z,"64km NNW of Pandan, Philippines",earthquake,4.4,1.8,0.055,32,reviewed,us,us
2018-05-09T07:57:54.950Z,-5.8822,151.7836,9,6,mww,,24,1.722,0.84,us,us1000e17w,2020-07-10T15:47:07.987Z,"177km SSW of Kokopo, Papua New Guinea",earthquake,3.2,1.8,0.046,45,reviewed,us,us
2018-05-09T10:41:45.910Z,36.9942,71.3822,116,6.2,mww,,17,0.578,1.1,us,us1000e19e,2020-07-10T15:47:20.283Z,"36km NW of Ishkashim, Tajikistan",earthquake,6.4,1.8,0.05,39,reviewed,us,us
2018-05-18T01:45:31.460Z,-34.5886,-178.4143,11,6.1,mww,,19,3.982,0.82,us,us1000e7qq,2018-08-15T19:46:56.040Z,"South of the Kermadec Islands",earthquake,7.9,1.7,0.041,58,reviewed,us,us
2018-06-21T21:13:32.660Z,-17.7905,168.0568,28,6.1,mww,,14,3.069,1.27,us,us1000ey2i,2020-07-10T15:50:16.806Z,"28km WSW of Port-Vila, Vanuatu",earthquake,6.3,1.7,0.04,59,reviewed,us,us
2018-07-06T01:40:04.610Z,51.4994,157.8404,45,6.1,mww,,23,1.605,0.71,us,us2000fxyz,2018-09-27T14:03:42.040Z,"91km E of Ozernovskiy, Russia",earthquake,6.9,1.8,0.056,31,reviewed,us,us
2018-07-07T21:33:49.640Z,-30.5662,-178.0701,35,6,mww,,40,1.322,0.65,us,us2000fzb7,2018-09-27T14:03:44.040Z,"124km NE of L'Esperance Rock, New Zealand",earthquake,4,1.8,0.052,36,reviewed,us,us
2018-07-13T09:46:49.070Z,-18.9279,169.0467,167,6.4,mww,,19,2.505,0.96,us,us2000g3up,2018-10-02T16:40:37.040Z,"72km NNW of Isangel, Vanuatu",earthquake,7.3,1.8,0.037,71,reviewed,us,us
2018-07-15T01:57:19.410Z,14.0625,51.7365,10,6,mww,,64,9.028,1.21,us,us2000g5b4,2018-10-02T16:40:41.040Z,"137km SSE of Sayhut, Yemen",earthquake,8.6,1.8,0.046,45,reviewed,us,us
2018-07-15T13:09:16.470Z,13.8484,51.717,10,6,mww,,96,19.186,0.74,us,us2000g5mh,2018-10-02T16:40:42.040Z,"159km SSE of Sayhut, Yemen",earthquake,11.7,1.9,0.05,38,reviewed,us,us
2018-07-17T07:02:53.020Z,-11.5936,166.432,37.96,6,mww,,43,6.726,0.88,us,us2000g6uy,2018-10-04T14:15:33.040Z,"116km SE of Lata, Solomon Islands",earthquake,8.6,4.1,0.053,34,reviewed,us,us
2018-07-19T18:30:32.710Z,-6.1139,148.7302,29.62,6,mww,,16,3.62,0.75,us,usd00090uc,2020-07-10T19:22:16.619Z,"91km W of Kandrian, Papua New Guinea",earthquake,8.2,2.7,0.05,39,reviewed,us,us
2018-07-23T10:35:59.590Z,-0.2994,-19.252,10,6,mww,,38,8.859,1.4,us,us2000gbr3,2018-10-09T16:43:20.040Z,"Central Mid-Atlantic Ridge",earthquake,8.3,1.8,0.052,35,reviewed,us,us
2018-07-28T17:07:23.380Z,-7.1039,122.7263,578.16,6,mww,,19,1.597,1.31,us,us2000gg76,2018-10-09T16:43:20.040Z,"150km N of Palue, Indonesia",earthquake,7.7,2.7,0.039,63,reviewed,us,us
2018-07-28T22:47:38.740Z,-8.2395,116.508,14,6.4,mww,,14,2.342,1.15,us,us2000ggbs,2020-07-10T17:13:51.872Z,"5km WNW of Obelobel, Indonesia",earthquake,3.6,1.6,0.054,33,reviewed,us,us
2018-08-05T11:46:38.630Z,-8.2581,116.4375,34,6.9,mww,,15,2.271,1.05,us,us1000g3ub,2020-07-10T15:50:53.332Z,"0km SW of Loloan, Indonesia",earthquake,6.2,1.7,0.034,83,reviewed,us,us
2018-08-10T18:12:07.020Z,48.4593,154.939,27,6,mww,,20,5.14,0.83,us,us1000g6hl,2018-10-17T18:11:48.040Z,"261km SSW of Severo-Kuril'sk, Russia",earthquake,7.9,1.7,0.068,21,reviewed,us,us
2018-08-12T14:58:53.503Z,69.5762,-145.291,15.8,6.4,mw,,,,1.31,ak,ak018aap2cqu,2020-06-18T08:55:18.410Z,"90km SW of Kaktovik, Alaska",earthquake,,0.2,,,reviewed,ak,ak
2018-08-12T21:15:00.999Z,69.5227,-144.3388,16.2,6,mw,,,,0.86,ak,ak018aasz24z,2019-07-01T18:10:08.430Z,"73km SSW of Kaktovik, Alaska",earthquake,,0.3,,,reviewed,ak,ak
2018-08-14T03:29:52.100Z,-58.1339,-25.2725,25,6.1,mww,,19,7.346,0.77,us,us1000g8kf,2018-10-27T16:22:02.040Z,"123km NE of Bristol Island, South Sandwich Islands",earthquake,8.6,1.7,0.056,31,reviewed,us,us
2018-08-15T21:56:56.310Z,51.4234,-178.0262,33.93,6.5,mww,,22,0.576,0.72,us,us1000ga0z,2019-09-05T10:16:45.987Z,"51km S of Tanaga Volcano, Alaska",earthquake,4.7,2.5,0.033,88,reviewed,us,us
2018-08-16T18:22:53.360Z,23.4226,143.3187,20,6.3,mww,,17,3.798,0.64,us,us1000gaqv,2018-10-27T16:22:04.040Z,"251km SE of Iwo Jima, Japan",earthquake,7.1,1.7,0.042,54,reviewed,us,us
2018-08-17T15:35:01.890Z,-7.3718,119.8017,529,6.5,mww,,23,2.719,0.98,us,us1000gbi4,2018-10-27T16:22:04.040Z,"114km NNW of Nggilat, Indonesia",earthquake,8.8,1.9,0.045,48,reviewed,us,us
2018-08-17T23:22:24.950Z,8.7791,-83.1527,15,6.1,mww,,37,0.459,1.12,us,us1000gc0k,2020-07-10T15:51:48.781Z,"15km N of Golfito, Costa Rica",earthquake,6,1.7,0.052,36,reviewed,us,us
2018-08-19T00:23:06.180Z,-18.4447,-177.6404,575.76,6.3,mb,,50,4.155,0.75,us,us1000gcnc,2018-10-27T16:22:06.040Z,"268km NNE of Ndoi Island, Fiji",earthquake,3.2,6.9,0.082,58,reviewed,us,us
2018-08-19T04:10:22.640Z,-8.3366,116.5993,16,6.3,mww,,14,2.424,1.11,us,us1000gcvr,2020-07-10T15:52:36.212Z,"4km SW of Belanting, Indonesia",earthquake,6.2,1.7,0.11,8,reviewed,us,us
2018-08-19T04:28:58.700Z,-16.9783,-178.0332,415.6,6.4,mb,,17,3.814,0.95,us,us1000gcwt,2018-10-27T16:22:06.040Z,"282km ESE of Lambasa, Fiji",earthquake,7.8,4.6,0.022,790,reviewed,us,us
2018-08-19T14:56:27.490Z,-8.319,116.6272,21,6.9,mww,,31,2.453,0.88,us,us1000gda5,2020-07-10T15:52:52.632Z,"1km S of Belanting, Indonesia",earthquake,6.4,1.8,0.057,30,reviewed,us,us
2018-08-21T21:31:47.600Z,10.7731,-62.9019,146.82,7.3,mww,,15,1.822,1.1,us,us1000gez7,2020-07-10T15:53:30.330Z,"24km ENE of Rio Caribe, Venezuela",earthquake,7.5,3.4,0.033,88,reviewed,us,us
2018-08-21T22:32:26.470Z,-16.0315,168.1428,9,6.5,mww,,10,4.797,0.74,us,us1000gf2g,2020-07-10T15:53:51.223Z,"78km E of Lakatoro, Vanuatu",earthquake,7.4,1.7,0.098,10,reviewed,us,us
2018-08-22T09:31:45.530Z,43.5637,-127.7166,10,6.2,mww,,67,2.668,0.73,us,us1000gf8u,2019-08-29T15:45:28.639Z,"272km WNW of Bandon, Oregon",earthquake,7.1,1.8,0.031,97,reviewed,us,us
2018-08-23T03:35:12.270Z,51.35,-177.7604,20,6.3,mww,,34,0.466,0.76,us,us1000gfvg,2019-07-01T18:31:38.094Z,"64km SSE of Tanaga Volcano, Alaska",earthquake,4.7,1.8,0.045,47,reviewed,us,us
2018-08-24T09:04:08.250Z,-11.0355,-70.8284,630,7.1,mww,,12,3.77,0.99,us,us1000ggj4,2018-11-01T17:50:57.040Z,"140km WNW of Iberia, Peru",earthquake,9.1,1.9,0.055,32,reviewed,us,us
2018-08-25T16:50:00.767Z,52.0325,-171.0232,7.9,6,mw,,,,0.86,ak,ak018aw86wks,2019-07-01T18:35:18.271Z,"51km SSE of Amukta Island, Alaska",earthquake,,1.6,,,reviewed,ak,ak
2018-08-25T22:13:25.620Z,34.6111,46.2422,10,6,mww,,28,0.662,0.79,us,us1000ghda,2020-07-10T15:54:44.647Z,"32km SW of Javanrud, Iran",earthquake,6,1.8,0.065,23,reviewed,us,us
2018-08-28T07:08:11.360Z,-10.773,124.1871,14,6.2,mww,,74,1.014,1.4,us,us1000gii0,2020-07-10T15:54:59.459Z,"94km SE of Kupang, Indonesia",earthquake,8.9,1.8,0.053,34,reviewed,us,us
2018-08-28T22:35:13.410Z,16.8044,146.8395,55,6.4,mww,,15,1.854,0.94,us,us1000gj78,2018-11-07T18:37:03.040Z,"134km ENE of Anatahan, Northern Mariana Islands",earthquake,7.8,1.9,0.05,39,reviewed,us,us
2018-08-29T03:51:56.100Z,-22.0295,170.1262,21.43,7.1,mww,,23,2.548,0.98,us,us1000gjaz,2018-11-07T18:37:04.040Z,"202km WNW of Ile Hunter, New Caledonia",earthquake,5.8,2.8,0.049,40,reviewed,us,us
2018-09-05T18:07:59.150Z,42.6861,141.9294,35,6.6,mww,,32,1.13,0.74,us,us2000h8ty,2020-08-15T02:03:11.528Z,"27km ENE of Tomakomai, Japan",earthquake,6.5,1.9,0.062,25,reviewed,us,us
2018-09-06T15:49:18.710Z,-18.4743,179.3502,670.81,7.9,mww,,12,1.431,1.07,us,us2000h9e2,2020-07-10T17:15:49.233Z,"102km ESE of Suva, Fiji",earthquake,9.5,2.8,0.025,157,reviewed,us,us
2018-09-07T02:12:06.280Z,-2.2532,-78.7903,110.5,6.2,mww,,26,1.541,0.95,us,us2000ha13,2020-07-10T17:16:16.589Z,"7km SE of Alausi, Ecuador",earthquake,6.7,1.8,0.043,51,reviewed,us,us
2018-09-08T07:16:49.620Z,7.2377,126.4779,10,6.2,mww,,30,0.907,0.92,us,us2000haxi,2020-07-10T17:16:56.948Z,"7km WNW of Manay, Philippines",earthquake,6.1,1.8,0.043,52,reviewed,us,us
2018-09-09T19:31:35.090Z,-10.0207,161.5025,68,6.5,mww,,25,1.638,0.97,us,us2000hbk9,2020-07-10T17:17:14.887Z,"66km NW of Kirakira, Solomon Islands",earthquake,7.5,1.9,0.035,77,reviewed,us,us
2018-09-10T04:19:02.630Z,-31.7447,-179.3728,115,6.9,mww,,18,2.785,0.97,us,us2000hbpv,2018-11-21T18:19:07.040Z,"56km SW of L'Esperance Rock, New Zealand",earthquake,8.7,1.8,0.034,83,reviewed,us,us
2018-09-10T19:31:37.420Z,-21.988,170.1584,12,6.3,mww,,29,2.587,1.02,us,us2000hc1x,2018-11-21T18:19:08.040Z,"200km WNW of Ile Hunter, New Caledonia",earthquake,8.7,1.6,0.036,74,reviewed,us,us
2018-09-16T21:11:48.820Z,-25.415,178.1991,576,6.5,mww,,18,5.139,0.75,us,us2000hfjk,2018-11-21T18:19:13.040Z,"South of the Fiji Islands",earthquake,9.3,1.9,0.06,27,reviewed,us,us
2018-09-18T07:27:41.320Z,-37.8135,49.7765,10,6,mww,,22,8.748,1.05,us,us2000hg93,2018-11-27T15:51:58.040Z,"Southwest Indian Ridge",earthquake,8.7,1.7,0.047,43,reviewed,us,us
2018-09-28T06:59:59.740Z,-0.4009,119.7705,4.99,6.1,mww,,33,1.81,0.95,us,us1000h3mf,2020-07-10T15:55:42.309Z,"55km NNW of Palu, Indonesia",earthquake,5.8,3.5,0.071,19,reviewed,us,us
2018-09-28T10:02:45.250Z,-0.2559,119.8462,20,7.5,mww,,13,1.649,1,us,us1000h3p4,2020-08-25T22:32:06.150Z,"70km N of Palu, Indonesia",earthquake,5.8,1.8,0.05,39,reviewed,us,us
2018-09-30T10:52:23.010Z,-18.3604,-178.0633,550,6.7,mww,,23,3.745,1.07,us,us1000h4l1,2018-12-01T16:43:37.040Z,"262km NNE of Ndoi Island, Fiji",earthquake,7.6,1.9,0.04,60,reviewed,us,us
2018-10-01T23:59:42.740Z,-10.5585,120.2424,29,6,mww,,19,2.742,1.32,us,us1000h5eg,2020-07-10T15:57:14.369Z,"40km S of Nggongi, Indonesia",earthquake,5.3,1.9,0.047,44,reviewed,us,us
2018-10-09T07:45:11.640Z,49.3959,156.2425,19,6.1,mww,,57,3.828,0.89,us,us1000h97j,2018-12-21T21:15:47.040Z,"142km S of Severo-Kuril'sk, Russia",earthquake,6.5,1.7,0.059,28,reviewed,us,us
2018-10-10T18:44:55.280Z,-7.4525,114.4553,9,6,mww,,27,1.054,1.15,us,us1000ha6q,2020-07-10T15:58:03.845Z,"40km NNE of Cungapmimbo, Indonesia",earthquake,5.8,1.7,0.041,58,reviewed,us,us
2018-10-10T20:45:25.300Z,-5.7433,151.3533,41.56,6.1,mb,,20,1.74,0.95,us,us1000ha9t,2020-07-10T15:58:15.884Z,"135km E of Kimbe, Papua New Guinea",earthquake,6.6,3.7,0.034,338,reviewed,us,us
2018-10-10T20:48:20.100Z,-5.7012,151.2046,39,7,mww,,18,1.778,1.1,us,us1000haa3,2020-07-10T15:58:27.324Z,"118km E of Kimbe, Papua New Guinea",earthquake,7.2,1.9,0.056,31,reviewed,us,us
2018-10-10T22:00:34.500Z,-4.9624,151.7231,121,6.2,mww,,12,0.883,0.96,us,us1000habl,2020-07-10T15:59:12.668Z,"90km SW of Kokopo, Papua New Guinea",earthquake,5,1.8,0.046,46,reviewed,us,us
2018-10-10T23:16:02.130Z,49.2902,156.2968,20,6.5,mww,,14,3.923,0.64,us,us1000hacw,2018-12-21T21:15:49.040Z,"154km S of Severo-Kuril'sk, Russia",earthquake,7.4,1.8,0.053,34,reviewed,us,us
2018-10-13T11:10:22.400Z,52.8549,153.2429,461,6.7,mww,,17,2.705,0.74,us,us1000hbkz,2018-12-21T21:15:51.040Z,"269km NW of Ozernovskiy, Russia",earthquake,6.5,1.9,0.033,89,reviewed,us,us
2018-10-16T00:28:13.060Z,-21.9232,169.4869,12,6.3,mww,,19,2.01,1.33,us,us1000hcln,2018-12-21T22:27:01.040Z,"170km ESE of Tadine, New Caledonia",earthquake,7.1,1.7,0.054,33,reviewed,us,us
2018-10-16T01:03:43.580Z,-21.7427,169.5217,17,6.5,mww,,22,2.109,0.76,us,us1000hclz,2018-12-21T22:27:01.040Z,"170km E of Tadine, New Caledonia",earthquake,7.2,1.6,0.046,45,reviewed,us,us
2018-10-22T05:39:39.590Z,49.2586,-129.4124,10,6.5,mww,,63,1.611,0.94,us,us1000hfgn,2019-01-10T17:18:33.040Z,"214km SW of Port Hardy, Canada",earthquake,4.4,1.5,0.046,46,reviewed,us,us
2018-10-22T06:16:26.450Z,49.3346,-129.289,10,6.8,mww,,36,1.505,1.09,us,us1000hfgv,2020-08-15T02:48:52.834Z,"202km SW of Port Hardy, Canada",earthquake,6,1.8,0.042,55,reviewed,us,us
2018-10-22T06:22:48.120Z,49.297,-129.7237,10,6.5,mww,,68,1.692,0.71,us,us1000hfh3,2019-01-10T17:18:33.040Z,"227km SW of Port Hardy, Canada",earthquake,3.3,1.7,0.071,19,reviewed,us,us
2018-10-25T22:54:52.630Z,37.5203,20.5565,14,6.8,mww,,15,2.268,0.82,us,us1000hhb1,2020-07-10T15:59:46.614Z,"32km SW of Mouzaki, Greece",earthquake,4.9,1.7,0.043,51,reviewed,us,us
2018-10-28T22:23:53.420Z,13.0346,-90.3687,22,6.1,mww,,56,1.282,0.86,us,us1000hib5,2019-01-10T17:18:41.040Z,"85km SW of Acajutla, El Salvador",earthquake,6.7,1.8,0.036,76,reviewed,us,us
2018-10-29T06:54:21.250Z,-57.434,-66.3834,10,6.3,mww,,13,2.603,0.79,us,us1000hied,2019-01-21T14:29:37.040Z,"Drake Passage",earthquake,6.8,1.7,0.037,72,reviewed,us,us
2018-10-30T02:13:39.480Z,-39.057,174.9584,225.48,6.1,mww,,21,0.549,0.87,us,us1000hiup,2019-01-21T14:29:39.040Z,"63km ESE of Waitara, New Zealand",earthquake,6.4,3.1,0.043,53,reviewed,us,us
2018-11-01T22:19:51.690Z,-19.5827,-69.2656,102,6.2,mww,,17,0.108,1.15,us,us2000i5mj,2020-07-10T17:18:31.590Z,"115km NE of Iquique, Chile",earthquake,5.4,1.8,0.048,41,reviewed,us,us
2018-11-02T11:01:15.880Z,47.8334,146.6972,433,6,mww,,24,2.813,0.82,us,us2000i5tk,2019-01-21T14:29:44.040Z,"202km SW of Vostok, Russia",earthquake,8.7,1.9,0.056,31,reviewed,us,us
2018-11-04T07:55:29.280Z,7.7599,123.867,600.71,6,mww,,22,1.831,0.6,us,us2000i6mv,2019-01-21T14:29:46.040Z,"10km SSE of Sapad, Philippines",earthquake,8.9,3.3,0.036,74,reviewed,us,us
2018-11-09T01:49:40.050Z,71.6312,-11.2431,10,6.7,mww,,19,7.853,0.94,us,us1000hpim,2019-01-21T16:42:56.040Z,"120km NW of Olonkinbyen, Svalbard and Jan Mayen",earthquake,6.9,1.8,0.034,81,reviewed,us,us
2018-11-10T08:33:21.140Z,-20.4538,-174.0081,35,6.1,mww,,84,4.08,1.26,us,us1000hq85,2019-01-21T16:42:51.040Z,"80km SSE of Pangai, Tonga",earthquake,8.4,1.9,0.063,24,reviewed,us,us
2018-11-11T14:03:59.560Z,15.5653,-49.8719,10,6.3,mww,,50,9.69,0.65,us,us1000hqkp,2019-01-21T16:42:55.040Z,"North Atlantic Ocean",earthquake,9.2,1.9,0.048,42,reviewed,us,us
2018-11-14T21:21:50.870Z,55.6414,161.9943,49,6.1,mww,,17,3.273,0.72,us,us1000hrv1,2019-01-30T18:36:20.040Z,"71km SSW of Ust'-Kamchatsk Staryy, Russia",earthquake,7,1.8,0.051,37,reviewed,us,us
2018-11-15T20:02:22.920Z,-56.7065,-25.546,15,6.4,mww,,26,6.674,0.76,us,us1000hsaf,2019-01-30T18:36:22.040Z,"101km E of Visokoi Island, South Georgia and the South Sandwich Islands",earthquake,9.2,1.7,0.05,39,reviewed,us,us
2018-11-15T23:09:01.060Z,-56.2363,-122.0441,10,6.3,mww,,16,27.209,0.87,us,us1000hsfz,2019-01-30T18:36:21.040Z,"Southern East Pacific Rise",earthquake,10.1,1.7,0.06,27,reviewed,us,us
2018-11-16T03:26:55.640Z,-10.5383,163.1676,10,6.2,mww,,25,3.354,1.18,us,us1000hsie,2019-01-30T18:36:21.040Z,"136km E of Kirakira, Solomon Islands",earthquake,8.4,1.8,0.05,39,reviewed,us,us
2018-11-18T20:25:46.590Z,-17.8735,-178.9273,540,6.8,mww,,39,2.879,1.3,us,us1000htm5,2019-01-30T18:36:21.040Z,"241km SE of Lambasa, Fiji",earthquake,8.1,1.9,0.038,65,reviewed,us,us
2018-11-25T03:40:50.810Z,13.1817,-81.0931,10,6,mww,,25,0.326,0.94,us,us1000hwaj,2020-07-10T16:00:56.718Z,"36km SE of Mountain, Colombia",earthquake,6.4,1.8,0.045,47,reviewed,us,us
2018-11-25T16:37:32.830Z,34.3609,45.7443,18,6.3,mww,,22,0.754,0.86,us,us1000hwdw,2020-07-10T16:01:10.428Z,"15km SW of Sarpol-e Zahab, Iran",earthquake,5.7,1.8,0.059,28,reviewed,us,us
2018-11-30T17:29:29.330Z,61.3464,-149.9552,46.7,7.1,mw,,,,1.04,ak,ak018fcnsk91,2020-08-15T03:01:22.445Z,"14km NNW of Anchorage, Alaska",earthquake,,0.1,,,reviewed,ak,ak
2018-12-01T13:27:21.080Z,-7.3841,128.7065,136,6.4,mww,,20,2.637,0.93,us,us1000hzjp,2019-06-17T12:06:37.199Z,"294km WNW of Saumlaki, Indonesia",earthquake,7.2,1.9,0.043,52,reviewed,us,us
2018-12-05T04:14:36.490Z,-22.0161,169.3495,10,6.3,mb,,19,2.696,0.73,us,us1000i2gr,2019-02-16T19:52:20.040Z,"160km ESE of Tadine, New Caledonia",earthquake,7.4,1.7,0.035,317,reviewed,us,us
2018-12-05T04:18:08.420Z,-21.9496,169.4266,10,7.5,mww,,18,2.405,0.74,us,us1000i2gt,2020-07-10T16:02:03.872Z,"165km ESE of Tadine, New Caledonia",earthquake,5.1,1.5,0.047,44,reviewed,us,us
2018-12-05T06:43:04.130Z,-22.0629,169.7331,10,6.6,mww,,31,2.679,0.97,us,us1000i2k0,2019-02-16T19:52:21.040Z,"199km ESE of Tadine, New Caledonia",earthquake,7.9,1.8,0.044,50,reviewed,us,us
2018-12-11T02:26:29.420Z,-58.5446,-26.3856,133,7.1,mww,,20,7.043,0.92,us,us2000isc8,2019-02-16T22:29:03.040Z,"54km N of Bristol Island, South Sandwich Islands",earthquake,9.8,1.9,0.029,113,reviewed,us,us
2018-12-12T13:13:56.180Z,-55.6687,-128.6641,10,6.3,mww,,106,30.107,1.02,us,us2000isw3,2019-02-16T22:29:06.040Z,"Pacific-Antarctic Ridge",earthquake,14,1.9,0.051,37,reviewed,us,us
2018-12-16T09:42:37.200Z,-3.9226,140.2323,61.97,6.1,mww,,14,7.364,0.93,us,us2000iu2u,2020-07-10T17:18:57.393Z,"147km SSW of Abepura, Indonesia",earthquake,3,3.8,0.045,48,reviewed,us,us
2018-12-19T01:37:40.500Z,-36.1378,-101.0723,10,6.3,mww,,25,11.408,1.16,us,us2000iuya,2019-02-23T20:21:27.040Z,"Southeast of Easter Island",earthquake,5.6,1.7,0.057,30,reviewed,us,us
2018-12-20T17:01:55.150Z,55.0999,164.6993,16.56,7.3,mww,,23,4.126,0.79,us,us2000ivfw,2019-02-23T20:21:43.040Z,"83km W of Nikol'skoye, Russia",earthquake,7.9,2.9,0.025,155,reviewed,us,us
2018-12-22T14:25:01.180Z,-13.4,166.8151,42,6,mww,,33,2.069,1.11,us,us2000iwat,2019-02-23T20:22:28.040Z,"95km NW of Sola, Vanuatu",earthquake,7.1,1.9,0.043,53,reviewed,us,us
2018-12-23T23:08:43.440Z,-20.2855,-175.071,113,6.4,mww,,20,4.993,0.89,us,us2000iwvb,2020-07-10T17:20:33.794Z,"92km SW of Pangai, Tonga",earthquake,7.8,1.8,0.053,34,reviewed,us,us
2018-12-24T12:41:19.250Z,55.3439,164.5099,10,6.1,mww,,30,4.153,0.77,us,us2000ix3y,2019-03-05T17:46:31.040Z,"95km W of Nikol'skoye, Russia",earthquake,7,1.8,0.042,54,reviewed,us,us
2018-12-29T03:39:09.740Z,5.8983,126.9209,60.21,7,mww,,21,1.769,1.45,us,us2000iyta,2020-07-10T17:21:29.540Z,"96km ESE of Pondaguitan, Philippines",earthquake,6.1,3.2,0.038,67,reviewed,us,us
2018-12-31T02:35:37.670Z,54.4266,-161.5131,31,6,mww,,44,0.92,1.14,us,us2000izcv,2019-12-31T02:45:50.638Z,"114km SE of Cold Bay, Alaska",earthquake,4.2,1.8,0.033,89,reviewed,us,us
2019-01-05T19:25:38.520Z,-8.144,-71.587,570.41,6.8,mww,,16,1.181,1.15,us,us2000j0ja,2019-03-08T17:50:16.040Z,"90km W of Tarauaca, Brazil",earthquake,7.1,2.7,0.049,40,reviewed,us,us
2019-01-06T17:27:18.980Z,2.258,126.758,43.21,6.6,mww,,33,1.596,0.87,us,us2000j0uj,2019-03-08T17:50:17.040Z,"151km WNW of Tobelo, Indonesia",earthquake,6.7,3.6,0.038,68,reviewed,us,us
2019-01-08T12:39:30.950Z,30.5872,131.0441,35,6.3,mww,,26,2.534,0.83,us,us2000j1d4,2020-07-10T17:22:33.583Z,"16km SSE of Nishinoomote, Japan",earthquake,6,1.8,0.051,37,reviewed,us,us
2019-01-15T18:06:34.300Z,-13.336,166.8752,35,6.6,mww,,18,7.818,0.75,us,us2000j468,2019-04-05T21:40:58.040Z,"94km NW of Sola, Vanuatu",earthquake,8.2,1.9,0.038,66,reviewed,us,us
2019-01-17T15:06:35.650Z,-3.2307,146.3889,10,6.2,mww,,40,1.531,1.01,us,us2000j545,2019-04-05T21:40:59.040Z,"165km SW of Lorengau, Papua New Guinea",earthquake,6.2,1.7,0.047,43,reviewed,us,us
2019-01-18T13:18:31.030Z,-19.2036,168.7446,38.67,6,mww,,19,3.575,0.76,us,us2000j5qu,2019-04-05T21:41:00.040Z,"66km NW of Isangel, Vanuatu",earthquake,7.7,3.4,0.048,42,reviewed,us,us
2019-01-20T01:32:52.480Z,-30.0404,-71.3815,63,6.7,mww,,22,0.173,1.47,us,us2000j6hy,2020-07-10T17:22:46.061Z,"10km SSW of Coquimbo, Chile",earthquake,5.8,1.8,0.036,73,reviewed,us,us
2019-01-21T23:59:23.860Z,-10.3278,119.1521,26,6,mww,,41,3.477,1.18,us,us2000j70q,2019-04-05T21:41:02.040Z,"66km SSW of Bogorawatu, Indonesia",earthquake,6.2,1.8,0.039,64,reviewed,us,us
2019-01-22T05:10:03.480Z,-10.4148,119.0165,24,6.3,mww,,32,3.635,1.33,us,us2000j73a,2019-04-12T17:13:49.040Z,"80km S of Kahale, Indonesia",earthquake,5.4,1.8,0.046,46,reviewed,us,us
2019-01-22T19:01:43.580Z,-43.1219,42.3568,13,6.7,mww,,17,7.527,0.72,us,us2000j7dn,2019-04-12T17:14:02.040Z,"Prince Edward Islands region",earthquake,4.9,1.7,0.04,61,reviewed,us,us
2019-01-26T03:51:37.870Z,-7.0089,156.3207,355,6.2,mww,,13,4.326,1.21,us,us2000j92w,2019-04-12T17:15:14.040Z,"48km SW of Chirovanga, Solomon Islands",earthquake,8.3,1.9,0.048,41,reviewed,us,us
2019-01-26T19:56:44.070Z,-21.0475,-178.9592,588,6.2,mww,,17,4.329,0.86,us,us2000j98z,2019-04-12T17:15:29.040Z,"51km SSW of Ndoi Island, Fiji",earthquake,9.1,1.9,0.051,37,reviewed,us,us
2019-02-01T16:14:12.329Z,14.6802,-92.4527,66,6.7,mww,,43,0.289,1.36,us,us2000jbub,2020-07-10T17:23:54.955Z,"5km SW of Puerto Madero, Mexico",earthquake,5.7,1.8,0.065,23,reviewed,us,us
2019-02-02T09:27:36.030Z,-2.8462,100.0743,20,6,mww,,38,3.245,0.72,us,us2000jcbz,2020-07-10T17:24:14.302Z,"168km WSW of Sungaipenuh, Indonesia",earthquake,6.7,1.8,0.073,18,reviewed,us,us
2019-02-12T12:34:16.500Z,19.02,145.7965,144.32,6,mww,,21,3.758,0.84,us,us2000jgma,2020-02-12T12:44:31.767Z,"31km NNE of Agrihan, Northern Mariana Islands",earthquake,4.8,4.2,0.046,46,reviewed,us,us
2019-02-14T19:57:04.980Z,35.4267,-36.0378,10,6.2,mww,,32,8.771,0.8,us,us2000ji4e,2019-05-01T22:00:44.040Z,"Northern Mid-Atlantic Ridge",earthquake,9.3,1.8,0.034,83,reviewed,us,us
2019-02-17T14:35:55.840Z,-3.3412,152.1319,368.12,6.4,mww,,23,0.845,1.39,us,us2000jj68,2019-05-01T22:00:58.040Z,"49km NW of Namatanai, Papua New Guinea",earthquake,8.8,3.3,0.04,60,reviewed,us,us
2019-02-22T10:17:23.770Z,-2.1862,-77.0505,145,7.5,mww,,15,2.045,1.12,us,us2000jlfv,2020-07-07T22:52:36.277Z,"111km ESE of Palora, Ecuador",earthquake,6.2,1.8,0.026,144,reviewed,us,us
2019-03-01T08:50:42.591Z,-14.7131,-70.1546,267,7,mww,,42,2.501,1.13,us,us1000j96d,2020-07-10T16:02:45.751Z,"23km NNE of Azangaro, Peru",earthquake,7.6,1.9,0.033,87,reviewed,us,us
2019-03-06T15:46:14.900Z,-32.0238,-177.8845,29,6.4,mww,,29,7.868,0.92,us,us1000jb8d,2019-05-24T21:21:08.040Z,"116km SE of L'Esperance Rock, New Zealand",earthquake,10.1,1.8,0.039,64,reviewed,us,us
2019-03-08T15:06:12.620Z,10.384,126.006,30,6,mww,,102,3.32,0.92,us,us1000jccx,2019-05-24T21:21:17.040Z,"40km N of Santa Monica, Philippines",earthquake,8.5,1.7,0.043,51,reviewed,us,us
2019-03-10T08:12:26.426Z,-17.8915,-178.6034,578.19,6.2,mww,,19,3.188,1.03,us,us1000jd55,2019-05-24T21:21:26.040Z,"269km SE of Lambasa, Fiji",earthquake,9.4,3.2,0.06,27,reviewed,us,us
2019-03-10T12:48:00.607Z,-10.1317,152.0647,9,6,mww,,35,4.888,0.75,us,us1000jd7d,2019-05-24T21:21:26.040Z,"139km SSW of Kulumadau, Papua New Guinea",earthquake,7.1,1.8,0.039,64,reviewed,us,us
2019-03-15T05:03:50.060Z,-17.8744,-65.9072,359,6.3,mww,,23,2.648,0.95,us,us1000jg5z,2019-06-01T21:24:15.040Z,"30km S of Cliza, Bolivia",earthquake,6.8,1.9,0.03,108,reviewed,us,us
2019-03-20T15:23:58.680Z,-15.5965,167.6551,119,6.3,mww,,21,6.542,0.87,us,us1000jj9r,2020-07-10T16:04:35.175Z,"52km E of Luganville, Vanuatu",earthquake,5.9,1.8,0.036,76,reviewed,us,us
2019-03-23T19:21:17.998Z,4.5595,-76.223,122,6.1,mww,,20,1.916,1.09,us,us1000jkrq,2020-07-10T16:04:59.985Z,"3km WSW of Versalles, Colombia",earthquake,5.4,1.8,0.057,30,reviewed,us,us
2019-03-24T04:37:35.918Z,1.6601,126.3955,45,6.1,mww,,30,1.312,1.38,us,us1000jkwi,2019-06-06T18:54:22.040Z,"137km E of Bitung, Indonesia",earthquake,5.8,1.9,0.043,53,reviewed,us,us
2019-03-28T22:06:49.401Z,50.4951,159.943,9,6.2,mww,,17,2.656,0.81,us,us2000k6u4,2019-06-08T20:51:21.040Z,"265km ESE of Ozernovskiy, Russia",earthquake,5.3,1.6,0.039,64,reviewed,us,us
2019-03-30T11:20:42.559Z,-5.7003,151.1053,41,6.2,mww,,25,1.832,0.87,us,us2000k7ks,2020-07-10T17:26:58.353Z,"107km E of Kimbe, Papua New Guinea",earthquake,7.4,1.9,0.052,35,reviewed,us,us
2019-03-31T07:04:04.795Z,-1.9446,-80.8101,18,6.2,mww,,36,1.635,0.83,us,us2000k7vu,2020-07-10T17:27:10.016Z,"32km N of Santa Elena, Ecuador",earthquake,6.8,1.8,0.034,81,reviewed,us,us
2019-04-01T18:39:05.857Z,-18.2058,65.3656,10,6,mww,,65,9.535,1.17,us,us2000k8ri,2019-06-08T20:51:32.040Z,"262km NE of Port Mathurin, Mauritius",earthquake,8.1,1.8,0.06,27,reviewed,us,us
2019-04-02T21:35:30.049Z,52.1702,178.0709,7.98,6.4,mww,,19,1.94,0.55,us,us2000k9d7,2020-04-01T21:45:33.711Z,"32km ENE of Kiska Volcano, Alaska",earthquake,6.4,2.5,0.031,101,reviewed,us,us
2019-04-05T16:14:16.716Z,-55.9308,-27.8522,57,6.4,mww,,31,5.225,0.86,us,us2000kav9,2019-06-18T15:50:26.040Z,"94km NNW of Visokoi Island, South Georgia and the South Sandwich Islands",earthquake,8.5,1.8,0.047,44,reviewed,us,us
2019-04-06T21:55:01.660Z,-6.8285,125.0416,539,6.3,mww,,20,3.007,0.93,us,us2000kbi1,2019-06-19T23:26:40.987Z,"200km NNW of Dili, East Timor",earthquake,8.8,1.9,0.034,84,reviewed,us,us
2019-04-09T17:53:58.423Z,-58.6262,-25.304,38,6.5,mww,,18,7.568,1.08,us,us600032fg,2019-06-20T19:03:09.040Z,"83km ENE of Bristol Island, South Sandwich Islands",earthquake,8.2,1.8,0.049,40,reviewed,us,us
2019-04-11T08:18:21.380Z,40.4096,143.2985,18,6,mww,,50,1.607,0.66,us,us700034d3,2019-06-20T19:03:16.040Z,"143km NE of Miyako, Japan",earthquake,5.7,1.8,0.062,25,reviewed,us,us
2019-04-12T11:40:49.363Z,-1.8146,122.5798,15.46,6.8,mww,,28,0.791,1.16,us,us700034xq,2020-07-10T17:38:26.662Z,"98km SSW of Luwuk, Indonesia",earthquake,2,2.8,0.056,31,reviewed,us,us
2019-04-12T12:23:04.870Z,-15.4067,-172.8171,15.36,6,mww,,29,1.796,0.9,us,us700034ya,2019-06-20T19:03:24.040Z,"116km ENE of Hihifo, Tonga",earthquake,8.6,3.5,0.08,15,reviewed,us,us
2019-04-12T14:51:31.603Z,-6.4883,148.7394,30,6,mww,,17,3.293,0.97,us,us700034zz,2019-06-20T19:03:25.040Z,"94km WSW of Kandrian, Papua New Guinea",earthquake,6.5,1.6,0.073,18,reviewed,us,us
2019-04-18T05:01:06.493Z,24.0374,121.6501,20,6.1,mww,,23,0.144,1.15,us,us700038c1,2020-07-10T17:38:53.068Z,"8km NE of Hualian, Taiwan",earthquake,7,1.8,0.051,37,reviewed,us,us
2019-04-18T14:46:01.733Z,-51.127,139.321,10,6.3,mww,,44,9.863,1.39,us,us700038m1,2019-06-26T20:54:51.040Z,"Western Indian-Antarctic Ridge",earthquake,10.1,1.8,0.049,40,reviewed,us,us
2019-04-22T09:11:12.013Z,14.9538,120.5149,21.84,6.1,mww,,20,0.94,1.01,us,us70003a63,2020-07-10T17:39:16.814Z,"3km SSW of Floridablanca, Philippines",earthquake,6.3,3.7,0.035,77,reviewed,us,us
2019-04-22T14:49:05.341Z,-56.2633,-27.3509,79,6,mww,,30,5.587,0.74,us,us70003a91,2019-06-26T20:55:14.040Z,"49km N of Visokoi Island, South Georgia and the South Sandwich Islands",earthquake,9.5,1.9,0.053,34,reviewed,us,us
2019-04-23T05:37:53.147Z,11.7547,125.2013,56,6.4,mww,,15,4.67,1.07,us,us70003aj3,2020-07-10T17:39:35.620Z,"17km ESE of Tutubigan, Philippines",earthquake,7,1.9,0.042,54,reviewed,us,us
2019-04-23T14:20:17.830Z,-24.7059,-178.7639,385.58,6,mww,,34,7.535,0.97,us,us70003an0,2019-07-13T18:42:35.040Z,"South of the Fiji Islands",earthquake,7.4,3.7,0.049,40,reviewed,us,us
2019-04-29T14:19:52.499Z,10.8649,57.2283,10,6.3,mww,,47,12.379,1.1,us,us70003e0j,2019-07-13T18:42:52.040Z,"Carlsberg Ridge",earthquake,8.3,1.8,0.059,28,reviewed,us,us
2019-05-03T07:25:31.787Z,-6.9478,160.1125,27,6.2,mww,,35,2.48,0.66,us,us70003g5a,2019-07-25T18:54:11.040Z,"144km NNE of Buala, Solomon Islands",earthquake,8.1,1.8,0.044,50,reviewed,us,us
2019-05-06T21:19:37.983Z,-6.9746,146.4494,146,7.1,mww,,16,2.514,1.02,us,us70003hqb,2020-07-10T17:40:18.038Z,"33km NW of Bulolo, Papua New Guinea",earthquake,6.6,1.6,0.032,93,reviewed,us,us
2019-05-09T23:48:42.779Z,31.7772,131.8483,22,6.2,mww,,17,1.575,0.67,us,us70003j46,2020-07-07T22:53:25.325Z,"42km ESE of Miyazaki-shi, Japan",earthquake,5,1.8,0.055,32,reviewed,us,us
2019-05-12T19:24:50.373Z,8.625,-82.8298,19,6,mww,,53,0.218,1.09,us,us70003k3p,2020-07-10T17:40:42.885Z,"10km N of Canoas, Costa Rica",earthquake,5,1.7,0.036,75,reviewed,us,us
2019-05-14T12:58:25.939Z,-4.051,152.5967,10,7.6,mww,,16,0.453,1,us,us70003kyy,2020-07-07T22:53:37.609Z,"46km SSE of Namatanai, Papua New Guinea",earthquake,3.8,1.6,0.046,45,reviewed,us,us
2019-05-19T01:23:29.151Z,-21.6619,169.7779,20,6.3,mww,,18,2.359,1.18,us,us70003n4z,2019-08-07T22:03:50.040Z,"196km E of Tadine, New Caledonia",earthquake,7.9,1.8,0.042,54,reviewed,us,us
2019-05-19T14:27:11.826Z,-21.7313,169.5758,16,6,mww,,53,2.159,1.03,us,us70003n8z,2019-08-07T22:03:52.040Z,"176km E of Tadine, New Caledonia",earthquake,6.7,1.8,0.052,35,reviewed,us,us
2019-05-19T14:56:50.691Z,-21.6074,169.4692,20,6.3,mww,,75,2.125,1.07,us,us70003n96,2019-08-07T22:03:52.040Z,"164km E of Tadine, New Caledonia",earthquake,8.2,1.9,0.049,40,reviewed,us,us
2019-05-23T08:45:17.746Z,51.3078,-178.2387,30,6,mww,,53,0.436,1.05,us,us60003r2r,2019-08-13T14:30:31.040Z,"60km E of Amatignak Island, Alaska",earthquake,5.2,1.8,0.021,217,reviewed,us,us
2019-05-26T07:41:15.073Z,-5.8119,-75.2697,122.57,8,mww,,17,3.18,0.84,us,us60003sc0,2020-07-08T13:07:31.238Z,"78km SE of Lagunas, Peru",earthquake,7,4,0.036,75,reviewed,us,us
2019-05-30T09:03:32.337Z,13.1994,-89.3056,57.92,6.6,mww,,22,1.193,0.83,us,us70003t2n,2020-07-10T17:41:36.265Z,"32km S of La Libertad, El Salvador",earthquake,1.7,5.5,0.073,18,reviewed,us,us
2019-05-30T15:38:01.451Z,-21.7541,-176.3171,177.85,6,mww,,25,6.557,0.82,us,us70003t7v,2019-08-24T21:17:37.040Z,"131km WSW of Vaini, Tonga",earthquake,9.5,3.5,0.046,46,reviewed,us,us
2019-05-31T10:12:32.876Z,6.2795,126.479,98.72,6.1,mww,,26,1.189,0.74,us,us70003tl7,2019-08-24T21:17:39.040Z,"34km ESE of Pondaguitan, Philippines",earthquake,6.2,4.6,0.048,41,reviewed,us,us
2019-06-02T10:36:29.673Z,-21.2068,-173.9096,10,6,mww,,66,4.3,0.69,us,us70003ud5,2019-08-24T21:17:48.040Z,"108km E of `Ohonua, Tonga",earthquake,8.9,1.8,0.048,41,reviewed,us,us
2019-06-04T04:39:16.961Z,29.0665,139.289,422,6.4,mww,,21,3.224,0.85,us,us70003v3j,2019-08-27T17:47:26.040Z,"Izu Islands, Japan region",earthquake,8.4,1.9,0.036,75,reviewed,us,us
2019-06-14T00:19:12.401Z,-30.0557,-72.0819,11,6.4,mww,,30,0.727,0.87,us,us600040ja,2019-09-06T14:25:03.040Z,"72km W of Coquimbo, Chile",earthquake,4.1,1.6,0.035,80,reviewed,us,us
2019-06-15T21:56:10.835Z,-21.1807,-174.169,13,6.1,mww,,21,7.582,0.89,us,us60004177,2019-09-06T14:25:11.040Z,"82km ENE of `Ohonua, Tonga",earthquake,8.4,1.7,0.052,36,reviewed,us,us
2019-06-15T22:55:04.130Z,-30.6441,-178.0995,46,7.3,mww,,11,1.402,0.81,us,us6000417i,2019-09-06T14:25:11.040Z,"116km NE of L'Esperance Rock, New Zealand",earthquake,9.1,1.8,0.029,113,reviewed,us,us
2019-06-16T05:17:14.868Z,-31.0004,-178.0819,21,6.3,mww,,35,1.754,0.91,us,us600041b3,2019-09-06T14:25:12.040Z,"91km ENE of L'Esperance Rock, New Zealand",earthquake,9.9,1.8,0.047,43,reviewed,us,us
2019-06-17T06:02:04.099Z,-30.8389,-177.481,12,6.1,mww,,49,1.635,0.85,us,us600041lv,2019-09-06T14:25:16.040Z,"150km ENE of L'Esperance Rock, New Zealand",earthquake,9.7,1.7,0.036,74,reviewed,us,us
2019-06-18T13:22:19.010Z,38.6391,139.4769,12,6.4,mww,,33,1.288,0.87,us,us600042fx,2020-07-10T17:28:53.969Z,"31km WSW of Tsuruoka, Japan",earthquake,5.5,1.8,0.048,42,reviewed,us,us
2019-06-19T07:01:45.433Z,-30.5243,-177.8482,30,6.4,mww,,45,1.276,1.34,us,us600042vn,2019-09-11T15:19:12.040Z,"139km S of Raoul Island, New Zealand",earthquake,7.6,1.8,0.055,32,reviewed,us,us
2019-06-19T17:24:48.803Z,-2.2656,138.461,10,6.3,mww,,58,2.255,0.88,us,us6000434e,2020-07-10T17:29:19.871Z,"239km W of Abepura, Indonesia",earthquake,6.7,1.8,0.061,26,reviewed,us,us
2019-06-21T08:37:16.948Z,-30.8591,-177.4681,14,6.2,mww,,29,1.657,0.74,us,us6000444m,2019-09-11T15:19:24.040Z,"150km ENE of L'Esperance Rock, New Zealand",earthquake,8.7,1.8,0.038,67,reviewed,us,us
2019-06-24T01:05:29.464Z,-2.7756,138.5675,28,6.1,mww,,19,2.15,1.1,us,us600044z4,2020-07-10T17:29:59.301Z,"224km W of Abepura, Indonesia",earthquake,6.8,1.8,0.048,41,reviewed,us,us
2019-06-24T02:53:39.830Z,-6.4078,129.1692,212,7.3,mww,,16,2.629,1.08,us,us600044zz,2020-07-10T17:30:11.502Z,"292km NW of Saumlaki, Indonesia",earthquake,5.1,1.8,0.045,48,reviewed,us,us
2019-06-25T09:05:40.478Z,56.202,164.2327,10,6.4,mww,,55,4.546,0.57,us,us600045mz,2020-07-10T17:31:24.456Z,"108km E of Ust'-Kamchatsk Staryy, Russia",earthquake,6.7,1.8,0.033,90,reviewed,us,us
2019-06-26T02:18:07.841Z,56.1821,164.0881,10,6.3,mww,,15,4.473,0.89,us,us7000451w,2020-07-10T17:42:35.738Z,"100km E of Ust'-Kamchatsk Staryy, Russia",earthquake,7.2,1.7,0.036,74,reviewed,us,us
2019-06-26T05:23:51.514Z,8.4612,-82.754,32.58,6.2,mww,,42,0.337,1.12,us,us7000455l,2020-07-10T17:43:03.207Z,"5km ESE of Aserrio de Gariche, Panama",earthquake,6.1,4,0.031,100,reviewed,us,us
2019-06-27T11:04:56.341Z,-30.3961,-179.182,10,6.3,mww,,43,1.581,1.15,us,us700045vh,2019-09-14T16:08:13.040Z,"118km NNW of L'Esperance Rock, New Zealand",earthquake,7.8,1.7,0.063,24,reviewed,us,us
2019-06-28T15:51:31.302Z,19.8515,144.3477,410,6.4,mww,,26,4.787,1.16,us,us700046la,2020-06-27T16:01:45.618Z,"95km SW of Farallon de Pajaros, Northern Mariana Islands",earthquake,7.9,1.9,0.043,53,reviewed,us,us
2019-07-01T17:13:28.400Z,-15.4403,167.531,91,6,mww,,53,6.675,1.11,us,us70004840,2019-09-14T16:08:27.040Z,"40km ENE of Luganville, Vanuatu",earthquake,8.6,1.9,0.048,41,reviewed,us,us
2019-07-04T04:30:44.424Z,51.2369,-130.5005,10,6.2,mww,,70,1.143,1.01,us,us700049sf,2019-09-26T14:30:08.040Z,"194km WSW of Bella Bella, Canada",earthquake,6.6,1.8,0.026,143,reviewed,us,us
2019-07-04T17:33:49.000Z,35.7053333,-117.5038333,10.5,6.4,mw,62,47,0.1233,0.16,ci,ci38443183,2020-07-16T18:05:49.353Z,"Ridgecrest Earthquake Sequence",earthquake,0.15,0.36,,6,reviewed,ci,ci
2019-07-06T03:19:53.040Z,35.7695,-117.5993333,8,7.1,mw,77,43,0.04616,0.22,ci,ci38457511,2020-08-17T20:56:16.106Z,"2019 Ridgecrest Earthquake Sequence",earthquake,0.19,31.61,,0,reviewed,ci,ci
2019-07-07T15:08:40.525Z,0.5126,126.1892,35,6.9,mww,,21,1.205,0.8,us,us70004dz3,2019-09-26T14:30:53.040Z,"134km WSW of Kota Ternate, Indonesia",earthquake,6.2,1.9,0.043,51,reviewed,us,us
2019-07-11T17:08:37.977Z,-4.6408,155.2241,495.17,6,mww,,26,3.084,0.7,us,us70004icj,2019-09-28T20:01:12.040Z,"177km N of Arawa, Papua New Guinea",earthquake,2.7,3.6,0.045,48,reviewed,us,us
2019-07-13T00:57:44.339Z,29.3533,128.1534,251,6.1,mww,,11,2.51,1.19,us,us70004jea,2019-09-28T20:01:16.040Z,"169km NW of Naze, Japan",earthquake,6.3,1.8,0.033,86,reviewed,us,us
2019-07-14T05:39:23.420Z,-18.2242,120.3584,10,6.6,mww,,32,2.978,0.7,us,us70004jxe,2020-07-10T17:44:37.654Z,"200km W of Broome, Australia",earthquake,6.5,1.5,0.029,116,reviewed,us,us
2019-07-14T09:10:51.523Z,-0.5858,128.034,18.98,7.2,mww,,38,1.504,0.88,us,us70004jyv,2020-07-30T13:31:26.346Z,"93km NNE of Laiwui, Indonesia",earthquake,7.3,3.4,0.049,40,reviewed,us,us
2019-07-15T08:21:34.171Z,-5.9707,149.4881,42,6.3,mww,,20,3.198,0.88,us,us70004kfs,2020-07-10T17:45:36.711Z,"28km NNW of Kandrian, Papua New Guinea",earthquake,8.2,1.9,0.038,67,reviewed,us,us
2019-07-23T10:33:24.050Z,-61.2867,154.1145,10,6,mww,,36,17.135,0.63,us,us70004r4f,2019-10-11T20:12:22.040Z,"Balleny Islands region",earthquake,11.1,1.7,0.073,18,reviewed,us,us
2019-07-26T23:37:58.444Z,20.8373,121.9744,9,6,mww,,23,2.138,0.75,us,us60004w8x,2020-07-10T17:31:51.149Z,"14km ENE of Itbayat, Philippines",earthquake,6.4,1.7,0.055,32,reviewed,us,us
2019-07-27T18:31:07.540Z,33.1492,137.3029,367,6.3,mww,,14,1.691,0.79,us,us60004wjb,2019-10-11T20:12:42.040Z,"138km ESE of Shingu, Japan",earthquake,7,1.9,0.055,32,reviewed,us,us
2019-07-31T15:02:33.853Z,-16.1985,167.9982,181,6.6,mww,,30,6.024,0.99,us,us60004xz4,2019-10-19T21:42:01.040Z,"62km E of Lakatoro, Vanuatu",earthquake,7.6,1.8,0.038,65,reviewed,us,us
2019-08-01T18:28:07.270Z,-34.2364,-72.3102,25,6.8,mww,,35,0.817,0.91,us,us60004yps,2020-07-10T17:32:41.012Z,"95km SW of San Antonio, Chile",earthquake,5.1,1.8,0.045,48,reviewed,us,us
2019-08-02T05:50:55.239Z,-49.7307,-113.8331,10,6,mww,,82,22.79,0.92,us,us60004z9n,2019-10-19T21:42:04.040Z,"Southern East Pacific Rise",earthquake,8.5,1.8,0.058,29,reviewed,us,us
2019-08-02T12:03:27.001Z,-7.2822,104.7907,49,6.9,mww,,23,2.839,0.76,us,us60004zhq,2020-07-10T17:33:00.143Z,"106km WSW of Tugu Hilir, Indonesia",earthquake,7,1.9,0.043,51,reviewed,us,us
2019-08-04T10:23:03.726Z,37.7594,141.6031,38,6.3,mww,,32,0.653,0.78,us,us600050if,2020-07-10T17:33:19.457Z,"61km ENE of Namie, Japan",earthquake,7.3,1.9,0.071,19,reviewed,us,us
2019-08-20T13:03:52.633Z,-11.3683,166.2912,37,6,mww,,42,4.15,0.99,us,us600057ee,2020-07-10T17:34:29.511Z,"87km SE of Lata, Solomon Islands",earthquake,7.7,1.9,0.066,22,reviewed,us,us
2019-08-21T14:28:25.652Z,-50.3302,139.324,10,6,mww,,67,9.234,0.66,us,us600057xt,2019-11-08T22:13:37.040Z,"Western Indian-Antarctic Ridge",earthquake,7.9,1.7,0.071,19,reviewed,us,us
2019-08-24T15:51:27.119Z,-14.309,167.1897,115,6,mww,,26,1.131,1.19,us,us700057v4,2019-11-08T22:13:46.040Z,"61km SW of Sola, Vanuatu",earthquake,8.7,1.8,0.043,53,reviewed,us,us
2019-08-27T23:55:19.187Z,-60.2152,-26.5801,16,6.6,mww,,19,12.896,0.91,us,us700058yy,2019-11-15T17:18:59.040Z,"131km S of Bristol Island, South Sandwich Islands",earthquake,9.1,1.7,0.045,48,reviewed,us,us
2019-08-29T15:07:58.646Z,43.5425,-127.8817,10,6.3,mww,,31,2.678,1.17,us,us700059qh,2020-08-20T15:18:01.750Z,"285km W of Bandon, Oregon",earthquake,6.9,1.8,0.04,60,reviewed,us,us
2019-09-01T15:54:20.392Z,-20.3641,-178.5701,591,6.6,mww,,19,4.121,1.02,us,us70005axg,2019-11-15T17:21:30.040Z,"34km NNE of Ndoi Island, Fiji",earthquake,9.9,1.9,0.038,65,reviewed,us,us
2019-09-19T07:06:33.291Z,-6.0708,111.8422,610,6.1,mww,,19,1.698,0.97,us,us60005kta,2019-12-10T17:26:57.040Z,"70km NNE of Blimbing, Indonesia",earthquake,8.8,2,0.038,66,reviewed,us,us
2019-09-24T03:23:40.000Z,19.077,-67.2701,10,6,mw,25,193,0.6299,0.88,pr,pr2019267000,2020-08-25T03:33:57.064Z,"69km NNW of San Antonio, Puerto Rico",earthquake,3.8,31.61,0.51,25,reviewed,pr,pr
2019-09-24T21:19:47.423Z,-33.8212,56.2997,10,6,mww,,16,11.982,0.69,us,us60005n52,2019-12-20T19:02:17.040Z,"Southwest Indian Ridge",earthquake,8.8,1.7,0.049,40,reviewed,us,us
2019-09-25T23:46:43.543Z,-3.4528,128.3699,12.26,6.5,mww,,15,3.909,0.95,us,us70005lfd,2020-07-10T17:48:10.911Z,"11km S of Kairatu, Indonesia",earthquake,6.2,2.4,0.038,65,reviewed,us,us
2019-09-26T16:36:18.155Z,-40.8145,-71.9993,129,6.1,mww,,30,0.445,0.79,us,us70005lt4,2020-07-10T17:49:02.025Z,"30km WSW of Villa La Angostura, Argentina",earthquake,4.5,1.8,0.058,29,reviewed,us,us
2019-09-27T12:05:02.549Z,-30.1733,-177.8625,34,6.1,mww,,18,0.926,0.86,us,us70005mea,2019-12-20T19:03:15.040Z,"100km S of Raoul Island, New Zealand",earthquake,7.1,1.8,0.046,45,reviewed,us,us
2019-09-29T02:02:51.883Z,5.6756,126.5481,73,6.2,mww,,16,1.686,1.33,us,us70005nbb,2019-12-20T19:03:35.040Z,"86km SSE of Pondaguitan, Philippines",earthquake,7.2,1.8,0.036,73,reviewed,us,us
2019-09-29T15:57:53.236Z,-35.4758,-73.163,11,6.7,mww,,98,1.269,0.65,us,us70005nie,2020-07-10T17:49:14.450Z,"69km WSW of Constitucion, Chile",earthquake,3,1.8,0.04,61,reviewed,us,us
2019-10-01T03:56:07.115Z,-55.9278,-122.5586,10,6,mww,,50,27.632,0.8,us,us70005p73,2019-12-27T15:49:34.040Z,"Southern East Pacific Rise",earthquake,11.5,1,0.063,24,reviewed,us,us
2019-10-16T11:37:06.342Z,6.7147,125.007,16.12,6.4,mww,,33,0.668,0.85,us,us70005ulm,2020-07-10T17:50:27.542Z,"7km ENE of Columbio, Philippines",earthquake,6.4,4.2,0.043,53,reviewed,us,us
2019-10-21T02:52:29.674Z,-19.0184,169.4883,231,6.4,mww,,23,2.806,0.91,us,us70005wj6,2020-01-03T16:09:41.040Z,"63km NNE of Isangel, Vanuatu",earthquake,7.1,0.8,0.035,78,reviewed,us,us
2019-10-23T16:08:14.497Z,-1.0987,-13.8367,10,6.3,mww,,18,6.716,0.92,us,us70005xr7,2020-01-11T21:26:30.040Z,"North of Ascension Island",earthquake,8.9,1.8,0.063,24,reviewed,us,us
2019-10-29T01:04:43.879Z,6.7567,125.0082,15,6.6,mww,,24,0.646,0.78,us,us6000645n,2020-07-10T17:35:28.354Z,"10km NE of Columbio, Philippines",earthquake,5.7,1.8,0.043,52,reviewed,us,us
2019-10-31T01:11:19.146Z,6.9098,125.1782,10,6.5,mww,,19,0.428,0.76,us,us700061e9,2020-07-10T17:51:48.013Z,"2km ESE of Kisante, Philippines",earthquake,7,1.7,0.043,51,reviewed,us,us
2019-11-02T18:08:41.113Z,-55.735,-26.2399,8,6.1,mww,,23,6.073,1.3,us,us700062cg,2020-01-18T20:00:55.040Z,"122km NNE of Visokoi Island, South Georgia and the South Sandwich Islands",earthquake,8.7,1.6,0.05,38,reviewed,us,us
2019-11-04T21:53:25.320Z,-31.8362,-71.3753,53,6.1,mww,,23,0.707,1.14,us,us70006345,2020-07-10T17:52:09.617Z,"30km SW of Illapel, Chile",earthquake,4.7,1.8,0.057,30,reviewed,us,us
2019-11-04T22:43:32.280Z,-18.5747,-175.272,10,6.6,mww,,48,5.086,0.93,us,us7000635e,2020-01-18T20:00:58.040Z,"136km W of Neiafu, Tonga",earthquake,8.3,1.8,0.04,61,reviewed,us,us
2019-11-05T20:52:01.485Z,-57.9236,-9.3217,10,6.3,mww,,30,14.063,1.42,us,us700063mh,2020-02-01T23:21:37.040Z,"East of the South Sandwich Islands",earthquake,10,1.7,0.048,41,reviewed,us,us
2019-11-05T23:17:26.588Z,-13.7988,167.7494,19,6,mww,,38,1.721,0.9,us,us700063rx,2020-07-10T17:52:20.510Z,"23km ENE of Sola, Vanuatu",earthquake,9.2,1.8,0.065,23,reviewed,us,us
2019-11-06T00:39:09.303Z,-13.7208,167.8086,10,6,mww,,36,1.813,1.07,us,us700063sp,2020-07-10T17:52:35.122Z,"33km ENE of Sola, Vanuatu",earthquake,8,1.7,0.061,26,reviewed,us,us
2019-11-08T10:44:44.338Z,-21.9449,-179.5113,577,6.5,mww,,25,4.765,0.83,us,us6000693m,2020-02-01T23:21:56.040Z,"166km SSW of Ndoi Island, Fiji",earthquake,9.2,1.9,0.042,55,reviewed,us,us
2019-11-11T23:03:28.119Z,-18.8625,-175.3675,10,6.2,mww,,17,5.152,0.75,us,us60006adv,2020-02-01T23:22:24.040Z,"147km W of Neiafu, Tonga",earthquake,6.4,1.7,0.063,24,reviewed,us,us
2019-11-14T16:17:40.578Z,1.6213,126.4156,33,7.1,mww,,11,1.271,1.15,us,us60006bjl,2020-08-04T19:13:06.754Z,"138km E of Bitung, Indonesia",earthquake,6.1,1.7,0.036,75,reviewed,us,us
2019-11-14T21:12:54.753Z,1.5361,126.4161,23,6,mww,,18,1.216,1.42,us,us60006bpw,2020-02-07T20:21:07.040Z,"134km NW of Kota Ternate, Indonesia",earthquake,6.6,1.7,0.061,26,reviewed,us,us
2019-11-20T04:27:05.252Z,13.8859,-93.2068,15,6.3,mww,,56,1.365,0.79,us,us70006a6q,2020-02-14T22:02:05.040Z,"125km SW of Puerto Madero, Mexico",earthquake,4.4,1.5,0.032,96,reviewed,us,us
2019-11-20T08:26:08.017Z,53.128,153.6799,496,6.3,mww,,16,2.421,0.94,us,us70006a9e,2020-02-14T22:02:06.040Z,"264km NW of Ozernovskiy, Russia",earthquake,8.9,1.9,0.051,37,reviewed,us,us
2019-11-20T23:50:43.955Z,19.4533,101.3558,10,6.2,mww,,15,2.366,0.62,us,us70006ara,2020-07-10T17:53:43.441Z,"32km ESE of Chaloem Phra Kiat, Thailand",earthquake,6.4,1.7,0.049,40,reviewed,us,us
2019-11-23T12:11:15.564Z,1.6436,132.8148,5,6.2,mww,,25,4.567,0.94,us,us70006c6w,2020-02-14T22:02:14.040Z,"Papua region, Indonesia",earthquake,6.5,1.7,0.042,54,reviewed,us,us
2019-11-24T00:54:01.053Z,51.3808,-175.5115,20,6.3,mww,,22,0.658,0.95,us,us70006cb6,2020-08-23T01:04:15.758Z,"96km SE of Adak, Alaska",earthquake,3.9,1.8,0.031,99,reviewed,us,us
2019-11-26T02:54:12.872Z,41.5138,19.5256,22,6.4,mww,,17,0.936,0.61,us,us70006d0m,2020-07-10T17:54:22.698Z,"15km WSW of Mamurras, Albania",earthquake,4.3,1.8,0.037,72,reviewed,us,us
2019-11-27T07:23:42.383Z,35.7174,23.2284,69,6,mww,,18,1.421,1.02,us,us70006dlt,2020-02-19T18:58:10.040Z,"43km NW of Platanos, Greece",earthquake,6.5,1.9,0.051,37,reviewed,us,us
2019-12-02T05:01:54.821Z,51.1867,-178.1001,28,6,mww,,57,0.578,1.03,us,us70006f6d,2020-08-24T05:11:57.980Z,"70km E of Amatignak Island, Alaska",earthquake,4.3,1.8,0.039,63,reviewed,us,us
2019-12-03T08:46:35.780Z,-18.5042,-70.576,38,6,mww,,82,0.258,1.38,us,us70006fh7,2020-07-10T17:55:35.215Z,"28km W of Arica, Chile",earthquake,5.5,1.9,0.071,19,reviewed,us,us
2019-12-04T20:10:03.595Z,-19.0677,169.5748,266,6,mww,,20,2.804,0.72,us,us60006m2j,2020-02-29T19:53:03.040Z,"62km NNE of Isangel, Vanuatu",earthquake,7.3,1.8,0.037,71,reviewed,us,us
2019-12-06T13:04:46.540Z,-15.2594,-175.1035,10,6,mww,,47,3.488,0.54,us,us60006n19,2020-02-29T19:53:02.040Z,"164km WNW of Hihifo, Tonga",earthquake,6.5,1.6,0.089,12,reviewed,us,us
2019-12-14T04:57:34.937Z,-14.3628,167.7089,7.51,6,mww,,25,1.183,1.38,us,us60006rem,2020-07-10T17:37:38.138Z,"55km SSE of Sola, Vanuatu",earthquake,7.4,3.4,0.058,29,reviewed,us,us
2019-12-15T06:11:51.155Z,6.6969,125.1739,18,6.8,mww,,39,0.546,1.05,us,us60006rp9,2020-07-10T17:37:50.065Z,"7km S of Magsaysay, Philippines",earthquake,8,1.7,0.051,37,reviewed,us,us
2019-12-20T11:39:52.874Z,36.5374,70.4555,212,6.1,mww,,18,1.382,0.87,us,us70006p18,2020-07-10T17:55:56.914Z,"49km SW of Jarm, Afghanistan",earthquake,6.4,1.9,0.058,29,reviewed,us,us
2019-12-23T19:49:43.086Z,50.6071,-129.9372,10,6,mww,,100,1.149,1.06,us,us70006q8n,2020-03-07T17:47:53.040Z,"178km W of Port Hardy, Canada",earthquake,4.4,1.8,0.03,106,reviewed,us,us
2019-12-23T20:56:23.555Z,50.5169,-129.7573,10,6,mww,,99,1.042,1.05,us,us70006q96,2020-03-07T17:47:53.040Z,"166km W of Port Hardy, Canada",earthquake,5.7,1.8,0.038,66,reviewed,us,us
2019-12-24T16:43:33.420Z,-26.964,-63.3857,572.44,6,mww,,31,5.13,0.93,us,us70006qk4,2020-03-14T22:25:14.040Z,"16km WNW of El Hoyo, Argentina",earthquake,9.1,3,0.04,61,reviewed,us,us
2019-12-24T19:03:52.492Z,3.5359,-74.0176,11,6,mww,,36,1.335,0.68,us,us70006qnn,2020-07-10T17:56:11.761Z,"1km NNE of Lejanias, Colombia",earthquake,6.5,1.7,0.041,58,reviewed,us,us
2019-12-25T03:36:01.626Z,50.6106,-129.963,6.58,6.3,mww,,77,1.853,0.67,us,us70006qt7,2020-03-14T22:25:03.040Z,"180km W of Port Hardy, Canada",earthquake,7.2,1.3,0.032,95,reviewed,us,us
2019-12-25T20:20:12.751Z,-25.2226,-115.8438,10,6.1,mww,,38,6.072,1.15,us,us70006r1g,2020-03-14T22:24:43.040Z,"Southern East Pacific Rise",earthquake,10.8,1.8,0.059,28,reviewed,us,us
